Date,Receipt Number,Line Type,Customer Code,Customer Name,Note,Quantity,Subtotal,Sales Tax,Discount,Loyalty,Total,Paid,Details,Register,User,Status,Sku,AccountCodeSale,AccountCodePurchase,State,Attributes
2026-09-05 15:37:11,170,Sale,WALKIN,,,4,52.67,4.61,9.29400,0.00000,57.28,,"1 X Bistro Glass Salt Cellar + 1 X Brass Olive Spoon + 1 X Small Stoneware Dish- 3"" + 1 X Flower bowls set of 4",Main Register,bparedes@pepperandolive.com,CLOSED,,,,closed,
2026-09-05 15:37:11,170,Sale Line,,,,1.00000,16.14150,1.41238,2.84850,0.00000,17.55388,,Bistro Glass Salt Cellar,,,,GMN710U,,,,
2026-09-05 15:37:11,170,Sale Line,,,,1.00000,10.19150,0.89176,1.79850,0.00000,11.08326,,Brass Olive Spoon,,,,DA9853,,,,
2026-09-05 15:37:11,170,Sale Line,,,,1.00000,5.09150,0.44551,0.89850,0.00000,5.53701,,"Small Stoneware Dish- 3""",,,,ah4235,,,,
2026-09-05 15:37:11,170,Sale Line,,,,1.00000,21.24150,1.85863,3.74850,0.00000,23.10013,,Flower bowls set of 4,,,,DF6034,,,,
2026-09-05 15:36:40,170,Payment,,,,,,,,,,57.27000,Lightspeed Payments,,,,,,,,
2026-09-05 14:00:49,169,Sale,WALKIN,,,4,216.72,18.96,38.24400,0.00000,235.68,,"1 X CUSTOM PILLOWS + 1 X Pillow Inserts (Multiple Sizes) + 1 X Petrified Wood - Light + 1 X Le Cirq Easel Small, Black",Main Register,bparedes@pepperandolive.com,CLOSED,,,,closed,
2026-09-05 14:00:49,169,Sale Line,,,,1.00000,93.49150,8.18051,16.49850,0.00000,101.67201,,CUSTOM PILLOWS / 109.99,,,,10088,,,,
2026-09-05 14:00:49,169,Sale Line,,,,1.00000,16.99150,1.48676,2.99850,0.00000,18.47826,,"Pillow Inserts (Multiple Sizes) / ""16 x 23""",,,,10141,,,,
2026-09-05 14:00:49,169,Sale Line,,,,1.00000,72.24150,6.32113,12.74850,0.00000,78.56263,,Petrified Wood - Light,,,,10302,,,,
2026-09-05 14:00:49,169,Sale Line,,,,1.00000,33.99150,2.97426,5.99850,0.00000,36.96576,,"Le Cirq Easel Small, Black",,,,MJ219BK,,,,
2026-09-05 14:00:29,169,Payment,,,,,,,,,,235.68000,Lightspeed Payments,,,,,,,,
2026-09-05 12:42:00,168,Sale,WALKIN,,,2,11.03,0.97,1.94700,0.00000,12,,1 X 1st Edition Notecards + 1 X Sugarboo & Co - Leather Heart Keychain,Main Register,bparedes@pepperandolive.com,CLOSED,,,,closed,
2026-09-05 12:42:00,168,Sale Line,,,,1.00000,3.39150,0.29676,0.59850,0.00000,3.68826,,1st Edition Notecards,,,,PP482,,,,
2026-09-05 12:42:00,168,Sale Line,,,,1.00000,7.64150,0.66863,1.34850,0.00000,8.31013,,Sugarboo & Co - Leather Heart Keychain,,,,LC106,,,,
2026-09-05 12:41:51,168,Payment,,,,,,,,,,12.00000,Lightspeed Payments,,,,,,,,
2026-09-05 11:10:41,167,Sale,WALKIN,,,4,39.92,3.49,7.04400,0.00000,43.41,,"1 X FOUND: Vintage Meat Tenderizer + 1 X Fodory - Vintage Farmhouse Wooden Brush + 1 X all natural dish soap-rosemary mint + 1 X Cast Iron Mouse, 3 Styles",Main Register,shannon@pepperandolive.com,CLOSED,,,,closed,
2026-09-05 11:10:41,167,Sale Line,,,,1.00000,8.49150,0.74301,1.49850,0.00000,9.23451,,FOUND: Vintage Meat Tenderizer,,,,10230,,,,
2026-09-05 11:10:41,167,Sale Line,,,,1.00000,7.64150,0.66863,1.34850,0.00000,8.31013,,Fodory - Vintage Farmhouse Wooden Brush / A,,,,CL-BR-WD-SI-046,,,,
2026-09-05 11:10:41,167,Sale Line,,,,1.00000,16.99150,1.48676,2.99850,0.00000,18.47826,,all natural dish soap-rosemary mint,,,,10184,,,,
2026-09-05 11:10:41,167,Sale Line,,,,1.00000,6.79150,0.59426,1.19850,0.00000,7.38576,,"Cast Iron Mouse, 3 Styles",,,,DE0391A,,,,
2026-09-05 11:10:36,167,Payment,,,,,,,,,,43.41000,Lightspeed Payments,,,,,,,,
2026-09-05 11:09:02,166,Sale,WALKIN,,,2,46.73,4.09,8.24700,0.00000,50.82,,1 X Stoneware Bowl - Coconut + 1 X Penguin Random House LLC - Sunday Suppers,Main Register,shannon@pepperandolive.com,CLOSED,,,,closed,
2026-09-05 11:09:02,166,Sale Line,,,,1.00000,14.44150,1.26363,2.54850,0.00000,15.70513,,Stoneware Bowl - Coconut,,,,10234,,,,
2026-09-05 11:09:02,166,Sale Line,,,,1.00000,32.29150,2.82551,5.69850,0.00000,35.11701,,Penguin Random House LLC - Sunday Suppers,,,,9780385,,,,
2026-09-05 11:08:45,166,Payment,,,,,,,,,,50.82000,Lightspeed Payments,,,,,,,,
2026-09-04 16:01:40,165,Sale,WALKIN,,,5,91.76,8.03,16.19250,0.00000,99.79,,1 X Found Decorative Wood Bread Board with Handle (Each One Will Vary) + 1 X Stoneware Bowl - Tavern Taupe + 1 X Stoneware Bowl - Tavern Taupe + 1 X Stoneware Bowl - Vintage Brown + 1 X Stoneware Bowl - Vintage Brown,Main Register,bparedes@pepperandolive.com,CLOSED,,,,closed,
2026-09-04 16:01:40,165,Sale Line,,,,1.00000,33.99150,2.97426,5.99850,0.00000,36.96576,,Found Decorative Wood Bread Board with Handle (Each One Will Vary),,,,DG0034,,,,
2026-09-04 16:01:40,165,Sale Line,,,,1.00000,14.44150,1.26363,2.54850,0.00000,15.70513,,Stoneware Bowl - Tavern Taupe,,,,10233,,,,
2026-09-04 16:01:40,165,Sale Line,,,,1.00000,14.44150,1.26363,2.54850,0.00000,15.70513,,Stoneware Bowl - Tavern Taupe,,,,10233,,,,
2026-09-04 16:01:40,165,Sale Line,,,,1.00000,14.44150,1.26363,2.54850,0.00000,15.70513,,Stoneware Bowl - Vintage Brown,,,,10232,,,,
2026-09-04 16:01:40,165,Sale Line,,,,1.00000,14.44150,1.26363,2.54850,0.00000,15.70513,,Stoneware Bowl - Vintage Brown,,,,10232,,,,
2026-09-04 16:01:27,165,Payment,,,,,,,,,,99.79000,Lightspeed Payments,,,,,,,,
2026-09-04 13:15:30,164,Sale,WALKIN,,,5,186.96,16.36,32.99250,0.00000,203.32,,"1 X Food Safe Wood Board Wax, Beeswax and Coconut Oil, Rosemary and Sage + 1 X large brass duck - FOUND + 1 X 1st Edition Notecards + 1 X 1st Edition Notecards + 1 X 1st Edition Notecards",Main Register,bparedes@pepperandolive.com,CLOSED,,,,closed,
2026-09-04 13:15:30,164,Sale Line,,,,1.00000,23.79150,2.08176,4.19850,0.00000,25.87326,,"Food Safe Wood Board Wax, Beeswax and Coconut Oil, Rosemary and Sage",,,,REY600,,,,
2026-09-04 13:15:30,164,Sale Line,,,,1.00000,152.99150,13.38676,26.99850,0.00000,166.37826,,large brass duck - FOUND,,,,10127,,,,
2026-09-04 13:15:30,164,Sale Line,,,,1.00000,3.39150,0.29676,0.59850,0.00000,3.68826,,1st Edition Notecards,,,,PP482,,,,
2026-09-04 13:15:30,164,Sale Line,,,,1.00000,3.39150,0.29676,0.59850,0.00000,3.68826,,1st Edition Notecards,,,,PP482,,,,
2026-09-04 13:15:30,164,Sale Line,,,,1.00000,3.39150,0.29676,0.59850,0.00000,3.68826,,1st Edition Notecards,,,,PP482,,,,
2026-09-04 13:15:20,164,Payment,,,,,,,,,,203.32000,Lightspeed Payments,,,,,,,,
2026-09-04 10:48:03,163,Sale,WALKIN,,,-3,-28.02,-2.45,-4.94550,0.00000,-30.47,,"-1 X Sugarboo & Co - Leather Heart Keychain + -1 X Hinged Brass Candle Snuffer- Vintage Style | 7"" | Candles + -1 X Cast Iron Bee Bottle Opener, Distressed Gold Finish",Main Register,eric@pepperandolive.com,VOIDED,,,,voided,
2026-09-04 10:48:03,163,Sale Line,,,,-1.00000,-7.64150,-0.66863,-1.34850,0.00000,-8.31013,,Sugarboo & Co - Leather Heart Keychain,,,,LC106,,,,
2026-09-04 10:48:03,163,Sale Line,,,,-1.00000,-13.59150,-1.18926,-2.39850,0.00000,-14.78076,,"Hinged Brass Candle Snuffer- Vintage Style | 7"" | Candles",,,,5885,,,,
2026-09-04 10:48:03,163,Sale Line,,,,-1.00000,-6.79150,-0.59426,-1.19850,0.00000,-7.38576,,"Cast Iron Bee Bottle Opener, Distressed Gold Finish",,,,DF9261,,,,
2026-09-04 10:46:03,162,Sale,WALKIN,,,16,303.82,26.58,53.61600,0.00000,330.4,,"1 X Halloween Bat on Stand (Set of 2) + 1 X Floral Flower Frog Tall + 1 X Aden Cotton Hand Towel | Handwoven in Ethiopia + 1 X Turkish Cotton Hand Towel, Multi Stripe - Black + 1 X Simple Stripe Oven Mitt + 1 X Simple Stripe Oven Mitt + 1 X Handmade Amish Black Hand Broom | Oak & Natural Straw + 1 X Woven Cotton Slub Tea Towel with Stripes, 3 Styles + 1 X Ivy Catchall Plate + 1 X Pinch Bowl Ceramic + 1 X Pinch Bowl Ceramic + 1 X Pinch Bowl Ceramic + 1 X Pinch Bowl Ceramic + 1 X Match - Darling Paper Rose + 1 X Flower bowls set of 4 + 1 X Marble Rings",Main Register,bparedes@pepperandolive.com,CLOSED,,,,closed,
2026-09-04 10:46:03,162,Sale Line,,,,1.00000,50.99150,4.46176,8.99850,0.00000,55.45326,,Halloween Bat on Stand (Set of 2),,,,6T2756S,,,,
2026-09-04 10:46:03,162,Sale Line,,,,1.00000,53.54150,4.68488,9.44850,0.00000,58.22638,,Floral Flower Frog Tall,,,,DV854T,,,,
2026-09-04 10:46:03,162,Sale Line,,,,1.00000,32.29150,2.82551,5.69850,0.00000,35.11701,,Aden Cotton Hand Towel | Handwoven in Ethiopia / Beige with natural,,,,SBHTSBG,,,,
2026-09-04 10:46:03,162,Sale Line,,,,1.00000,12.74150,1.11488,2.24850,0.00000,13.85638,,"Turkish Cotton Hand Towel, Multi Stripe - Black",,,,10289,,,,
2026-09-04 10:46:03,162,Sale Line,,,,1.00000,9.34150,0.81738,1.64850,0.00000,10.15888,,Simple Stripe Oven Mitt,,,,OMSripe,,,,
2026-09-04 10:46:03,162,Sale Line,,,,1.00000,9.34150,0.81738,1.64850,0.00000,10.15888,,Simple Stripe Oven Mitt,,,,OMSripe,,,,
2026-09-04 10:46:03,162,Sale Line,,,,1.00000,41.64150,3.64363,7.34850,0.00000,45.28513,,Handmade Amish Black Hand Broom | Oak & Natural Straw / Black,,,,SKU0001,,,,
2026-09-04 10:46:03,162,Sale Line,,,,1.00000,11.04150,0.96613,1.94850,0.00000,12.00763,,"Woven Cotton Slub Tea Towel with Stripes, 3 Styles",,,,DG1572A,,,,
2026-09-04 10:46:03,162,Sale Line,,,,1.00000,28.04150,2.45363,4.94850,0.00000,30.49513,,Ivy Catchall Plate,,,,10026,,,,
2026-09-04 10:46:03,162,Sale Line,,,,1.00000,4.24150,0.37113,0.74850,0.00000,4.61263,,Pinch Bowl Ceramic,,,,10236,,,,
2026-09-04 10:46:03,162,Sale Line,,,,1.00000,4.24150,0.37113,0.74850,0.00000,4.61263,,Pinch Bowl Ceramic,,,,10236,,,,
2026-09-04 10:46:03,162,Sale Line,,,,1.00000,4.24150,0.37113,0.74850,0.00000,4.61263,,Pinch Bowl Ceramic,,,,10236,,,,
2026-09-04 10:46:03,162,Sale Line,,,,1.00000,4.24150,0.37113,0.74850,0.00000,4.61263,,Pinch Bowl Ceramic,,,,10236,,,,
2026-09-04 10:46:03,162,Sale Line,,,,1.00000,3.90150,0.34138,0.68850,0.00000,4.24288,,Match - Darling Paper Rose,,,,0901567,,,,
2026-09-04 10:46:03,162,Sale Line,,,,1.00000,21.24150,1.85863,3.74850,0.00000,23.10013,,Flower bowls set of 4,,,,DF6034,,,,
2026-09-04 10:46:03,162,Sale Line,,,,1.00000,12.74150,1.11488,2.24850,0.00000,13.85638,,Marble Rings,,,,10250,,,,
2026-09-04 10:45:54,162,Payment,,,,,,,,,,330.41000,Lightspeed Payments,,,,,,,,
2026-09-04 10:24:33,161,Sale,WALKIN,,,3,28.02,2.45,4.94550,0.00000,30.47,,"1 X Cast Iron Bee Bottle Opener, Distressed Gold Finish + 1 X Hinged Brass Candle Snuffer- Vintage Style | 7"" | Candles + 1 X Sugarboo & Co - Leather Heart Keychain",Main Register,bparedes@pepperandolive.com,CLOSED,,,,closed,
2026-09-04 10:24:33,161,Sale Line,,,,1.00000,6.79150,0.59426,1.19850,0.00000,7.38576,,"Cast Iron Bee Bottle Opener, Distressed Gold Finish",,,,DF9261,,,,
2026-09-04 10:24:33,161,Sale Line,,,,1.00000,13.59150,1.18926,2.39850,0.00000,14.78076,,"Hinged Brass Candle Snuffer- Vintage Style | 7"" | Candles",,,,5885,,,,
2026-09-04 10:24:33,161,Sale Line,,,,1.00000,7.64150,0.66863,1.34850,0.00000,8.31013,,Sugarboo & Co - Leather Heart Keychain,,,,LC106,,,,
2026-09-04 10:24:22,161,Payment,,,,,,,,,,30.48000,Lightspeed Payments,,,,,,,,
2026-09-03 15:13:27,160,Sale,WALKIN,,,2,15.98,1.40,0.00000,0.00000,17.38,,"1 X Cast Iron Bee Bottle Opener, Distressed Gold Finish + 1 X Cast Iron Bee Bottle Opener, Distressed Gold Finish",Main Register,shannon@pepperandolive.com,CLOSED,,,,closed,
2026-09-03 15:13:27,160,Sale Line,,,,1.00000,7.99000,0.69913,0.00000,0.00000,8.68913,,"Cast Iron Bee Bottle Opener, Distressed Gold Finish",,,,DF9261,,,,
2026-09-03 15:13:27,160,Sale Line,,,,1.00000,7.99000,0.69913,0.00000,0.00000,8.68913,,"Cast Iron Bee Bottle Opener, Distressed Gold Finish",,,,DF9261,,,,
2026-09-03 15:13:11,160,Payment,,,,,,,,,,17.38000,Lightspeed Payments,,,,,,,,
2026-09-03 14:52:51,159,Sale,WALKIN,,,4,103.96,9.10,0.00000,0.00000,113.06,,"1 X Handmade Terracotta candles - Megah Box of 6 + 1 X Food Safe Wood Board Wax, Beeswax and Coconut Oil, Rosemary and Sage + 1 X Sugarboo & Co - Mini Dreams And Schemes Leather Journal - Honey + 1 X Baking",Main Register,shannon@pepperandolive.com,CLOSED,,,,closed,
2026-09-03 14:52:51,159,Sale Line,,,,1.00000,22.99000,2.01163,0.00000,0.00000,25.00163,,Handmade Terracotta candles - Megah Box of 6,,,,DGC109,,,,
2026-09-03 14:52:51,159,Sale Line,,,,1.00000,27.99000,2.44913,0.00000,0.00000,30.43913,,"Food Safe Wood Board Wax, Beeswax and Coconut Oil, Rosemary and Sage",,,,REY600,,,,
2026-09-03 14:52:51,159,Sale Line,,,,1.00000,24.99000,2.18663,0.00000,0.00000,27.17663,,Sugarboo & Co - Mini Dreams And Schemes Leather Journal - Honey,,,,LJ222H,,,,
2026-09-03 14:52:51,159,Sale Line,,,,1.00000,27.99000,2.44913,0.00000,0.00000,30.43913,,Baking,,,,10335,,,,
2026-09-03 14:52:45,159,Payment,,,,,,,,,,113.06000,Lightspeed Payments,,,,,,,,
2026-09-03 12:28:03,158,Sale,WALKIN,,,1,4.59,0.40,0.00000,0.00000,4.99,,1 X Match - Congrats,Main Register,shannon@pepperandolive.com,CLOSED,,,,closed,
2026-09-03 12:28:03,158,Sale Line,,,,1.00000,4.59000,0.40163,0.00000,0.00000,4.99163,,Match - Congrats,,,,0901538,,,,
2026-09-03 12:27:56,158,Payment,,,,,,,,,,4.99000,Lightspeed Payments,,,,,,,,
2026-09-03 12:27:00,157,Sale,WALKIN,,,7,92.89,8.13,0.00000,0.00000,101.02,,"1 X Bookkeepers Clip on Stand, Metal - Lrg - Black + 1 X Fodory - Vintage Farmhouse Wooden Brush + 1 X Wood and Stainless Steel Cheese Grater + 1 X 1st Edition Notecards + 1 X Porter Lane Home - Custom Fall Pattern Tea Towel + 1 X 1st Edition Notecards + 1 X 1st Edition Notecards",Main Register,shannon@pepperandolive.com,CLOSED,,,,closed,
2026-09-03 12:27:00,157,Sale Line,,,,1.00000,26.99000,2.36163,0.00000,0.00000,29.35163,,"Bookkeepers Clip on Stand, Metal - Lrg - Black",,,,5191-2,,,,
2026-09-03 12:27:00,157,Sale Line,,,,1.00000,8.99000,0.78663,0.00000,0.00000,9.77663,,Fodory - Vintage Farmhouse Wooden Brush / A,,,,CL-BR-WD-SI-046,,,,
2026-09-03 12:27:00,157,Sale Line,,,,1.00000,28.99000,2.53663,0.00000,0.00000,31.52663,,Wood and Stainless Steel Cheese Grater,,,,AH0504,,,,
2026-09-03 12:27:00,157,Sale Line,,,,1.00000,3.99000,0.34913,0.00000,0.00000,4.33913,,1st Edition Notecards,,,,PP482,,,,
2026-09-03 12:27:00,157,Sale Line,,,,1.00000,15.95000,1.39563,0.00000,0.00000,17.34563,,Porter Lane Home - Custom Fall Pattern Tea Towel / White,,,,TT-AC8114CW,,,,
2026-09-03 12:27:00,157,Sale Line,,,,1.00000,3.99000,0.34913,0.00000,0.00000,4.33913,,1st Edition Notecards,,,,PP482,,,,
2026-09-03 12:27:00,157,Sale Line,,,,1.00000,3.99000,0.34913,0.00000,0.00000,4.33913,,1st Edition Notecards,,,,PP482,,,,
2026-09-03 12:26:48,157,Payment,,,,,,,,,,101.02000,Lightspeed Payments,,,,,,,,
2026-09-02 15:45:58,156,Sale,WALKIN,,,1,29.99,2.62,0.00000,0.00000,32.61,,"1 X Kitchen Tea Towel, Vintage Navy Blue Stripe, Set of 2",Main Register,bparedes@pepperandolive.com,CLOSED,,,,closed,
2026-09-02 15:45:58,156,Sale Line,,,,1.00000,29.99000,2.62413,0.00000,0.00000,32.61413,,"Kitchen Tea Towel, Vintage Navy Blue Stripe, Set of 2",,,,QMN103U,,,,
2026-09-02 15:45:41,156,Payment,,,,,,,,,,32.61000,Lightspeed Payments,,,,,,,,
2026-09-02 12:42:09,155,Sale,WALKIN,,,2,49.98,4.37,0.00000,0.00000,54.35,,1 X Quiet Mind · Rosemary & Sage Spa Candle · Amber Jar 8oz + 1 X White Stone Candles,Main Register,bparedes@pepperandolive.com,CLOSED,,,,closed,
2026-09-02 12:42:09,155,Sale Line,,,,1.00000,24.99000,2.18663,0.00000,0.00000,27.17663,,Quiet Mind · Rosemary & Sage Spa Candle · Amber Jar 8oz,,,,SCS18AJ,,,,
2026-09-02 12:42:09,155,Sale Line,,,,1.00000,24.99000,2.18663,0.00000,0.00000,27.17663,,White Stone Candles / Farmers Market,,,,10200,,,,
2026-09-02 12:42:03,155,Payment,,,,,,,,,,54.35000,Lightspeed Payments,,,,,,,,
2026-09-02 11:56:31,154,Sale,WALKIN,,,1,24.99,2.19,0.00000,0.00000,27.18,,1 X White Stone Candles,Main Register,bparedes@pepperandolive.com,CLOSED,,,,closed,
2026-09-02 11:56:31,154,Sale Line,,,,1.00000,24.99000,2.18663,0.00000,0.00000,27.17663,,White Stone Candles / Oak Moss and Tobacco,,,,10202,,,,
2026-09-02 11:56:21,154,Payment,,,,,,,,,,27.18000,Lightspeed Payments,,,,,,,,
2026-08-31 12:22:23,153,Sale,WALKIN,,,4,50.39,4.41,0.00000,0.00000,54.8,,"3 X Ragon House - 41"" CREAM CASPIA SPRAY + 1 X Sugarboo & Co - Leather Heart Keychain",Main Register,shannon@pepperandolive.com,CLOSED,,,,closed,
2026-08-31 12:22:23,153,Sale Line,,,,3.00000,41.40000,3.62250,0.00000,0.00000,45.02250,,"Ragon House - 41"" CREAM CASPIA SPRAY",,,,G233538,,,,
2026-08-31 12:22:23,153,Sale Line,,,,1.00000,8.99000,0.78663,0.00000,0.00000,9.77663,,Sugarboo & Co - Leather Heart Keychain,,,,LC106,,,,
2026-08-31 12:22:18,153,Payment,,,,,,,,,,54.80000,Lightspeed Payments,,,,,,,,
2026-08-31 12:21:30,152,Sale,WALKIN,,,2,99.98,8.75,0.00000,0.00000,108.73,,1 X Pillow Inserts (Multiple Sizes) + 1 X CUSTOM PILLOWS,Main Register,shannon@pepperandolive.com,CLOSED,,,,closed,
2026-08-31 12:21:30,152,Sale Line,,,,1.00000,19.99000,1.74913,0.00000,0.00000,21.73913,,"Pillow Inserts (Multiple Sizes) / 26""x26""",,,,10144,,,,
2026-08-31 12:21:30,152,Sale Line,,,,1.00000,79.99000,6.99913,0.00000,0.00000,86.98913,,CUSTOM PILLOWS / 79.99,,,,10082,,,,
2026-08-31 12:21:20,152,Payment,,,,,,,,,,108.73000,Lightspeed Payments,,,,,,,,
2026-08-30 12:15:56,151,Sale,WALKIN,,,16,239.84,20.99,0.00000,0.00000,260.83,,"1 X Cleo Forged Iron Spoons S/3 + 1 X Cleo Forged Iron Spoons S/3 + 1 X Stoneware Butter Dish with Scalloped Handle (Each One Will Vary) + 1 X Wood and Stainless Steel Cheese Grater + 1 X Flower bowls set of 4 + 1 X Food Safe Wood Board Wax, Beeswax and Coconut Oil, Rosemary and Sage + 1 X FOUND: Ceramic Pot + 1 X 1st Edition Notecards + 1 X Friendship Notecards - Assorted Set of 20 + 1 X 1st Edition Notecards + 1 X 1st Edition Notecards + 1 X 1st Edition Notecards + 1 X Friendship Notecards - Assorted Set of 20 + 1 X 1st Edition Notecards + 1 X 1st Edition Notecards + 1 X 1st Edition Notecards",Main Register,bparedes@pepperandolive.com,CLOSED,,,,closed,
2026-08-30 12:15:56,151,Sale Line,,,,1.00000,29.99000,2.62413,0.00000,0.00000,32.61413,,Cleo Forged Iron Spoons S/3,,,,4-6313,,,,
2026-08-30 12:15:56,151,Sale Line,,,,1.00000,29.99000,2.62413,0.00000,0.00000,32.61413,,Cleo Forged Iron Spoons S/3,,,,4-6313,,,,
2026-08-30 12:15:56,151,Sale Line,,,,1.00000,36.99000,3.23663,0.00000,0.00000,40.22663,,Stoneware Butter Dish with Scalloped Handle (Each One Will Vary),,,,AH3706,,,,
2026-08-30 12:15:56,151,Sale Line,,,,1.00000,28.99000,2.53663,0.00000,0.00000,31.52663,,Wood and Stainless Steel Cheese Grater,,,,AH0504,,,,
2026-08-30 12:15:56,151,Sale Line,,,,1.00000,24.99000,2.18663,0.00000,0.00000,27.17663,,Flower bowls set of 4,,,,DF6034,,,,
2026-08-30 12:15:56,151,Sale Line,,,,1.00000,27.99000,2.44913,0.00000,0.00000,30.43913,,"Food Safe Wood Board Wax, Beeswax and Coconut Oil, Rosemary and Sage",,,,REY600,,,,
2026-08-30 12:15:56,151,Sale Line,,,,1.00000,24.99000,2.18663,0.00000,0.00000,27.17663,,FOUND: Ceramic Pot,,,,10243,,,,
2026-08-30 12:15:56,151,Sale Line,,,,1.00000,3.99000,0.34913,0.00000,0.00000,4.33913,,1st Edition Notecards,,,,PP482,,,,
2026-08-30 12:15:56,151,Sale Line,,,,1.00000,3.99000,0.34913,0.00000,0.00000,4.33913,,Friendship Notecards - Assorted Set of 20,,,,PP423,,,,
2026-08-30 12:15:56,151,Sale Line,,,,1.00000,3.99000,0.34913,0.00000,0.00000,4.33913,,1st Edition Notecards,,,,PP482,,,,
2026-08-30 12:15:56,151,Sale Line,,,,1.00000,3.99000,0.34913,0.00000,0.00000,4.33913,,1st Edition Notecards,,,,PP482,,,,
2026-08-30 12:15:56,151,Sale Line,,,,1.00000,3.99000,0.34913,0.00000,0.00000,4.33913,,1st Edition Notecards,,,,PP482,,,,
2026-08-30 12:15:56,151,Sale Line,,,,1.00000,3.99000,0.34913,0.00000,0.00000,4.33913,,Friendship Notecards - Assorted Set of 20,,,,PP423,,,,
2026-08-30 12:15:56,151,Sale Line,,,,1.00000,3.99000,0.34913,0.00000,0.00000,4.33913,,1st Edition Notecards,,,,PP482,,,,
2026-08-30 12:15:56,151,Sale Line,,,,1.00000,3.99000,0.34913,0.00000,0.00000,4.33913,,1st Edition Notecards,,,,PP482,,,,
2026-08-30 12:15:56,151,Sale Line,,,,1.00000,3.99000,0.34913,0.00000,0.00000,4.33913,,1st Edition Notecards,,,,PP482,,,,
2026-08-30 12:15:46,151,Payment,,,,,,,,,,260.83000,Lightspeed Payments,,,,,,,,
2026-08-30 10:34:43,150,Sale,WALKIN,,,1,32.99,2.89,0.00000,0.00000,35.88,,1 X Cornflower Catchall Plate- Emerald,Main Register,bparedes@pepperandolive.com,CLOSED,,,,closed,
2026-08-30 10:34:43,150,Sale Line,,,,1.00000,32.99000,2.88663,0.00000,0.00000,35.87663,,Cornflower Catchall Plate- Emerald,,,,10022,,,,
2026-08-30 10:34:33,150,Payment,,,,,,,,,,35.88000,Lightspeed Payments,,,,,,,,
2026-08-29 14:09:31,149,Sale,WALKIN,,,7,170.89,14.95,0.00000,0.00000,185.84,,"1 X Porter Lane Home - Custom Fall Pattern Tea Towel + 1 X Pressed Clear Martini Glasses - Set of 4 + 1 X Cotton Napkins w/ Stripes, 2 Colors, Set of 4 + 1 X Mango Wood Curved Cheese/Serving Board with Handle, Natural + 1 X Flower Bowl + 1 X Flower Bowl + 1 X Marble Dish",Main Register,bparedes@pepperandolive.com,CLOSED,,,,closed,
2026-08-29 14:09:31,149,Sale Line,,,,1.00000,15.95000,1.39563,0.00000,0.00000,17.34563,,Porter Lane Home - Custom Fall Pattern Tea Towel / White,,,,TT-AC8114CW,,,,
2026-08-29 14:09:31,149,Sale Line,,,,1.00000,59.99000,5.24913,0.00000,0.00000,65.23913,,Pressed Clear Martini Glasses - Set of 4,,,,GT535E,,,,
2026-08-29 14:09:31,149,Sale Line,,,,1.00000,26.99000,2.36163,0.00000,0.00000,29.35163,,"Cotton Napkins w/ Stripes, 2 Colors, Set of 4",,,,DF7593,,,,
2026-08-29 14:09:31,149,Sale Line,,,,1.00000,39.99000,3.49913,0.00000,0.00000,43.48913,,"Mango Wood Curved Cheese/Serving Board with Handle, Natural",,,,DG1801,,,,
2026-08-29 14:09:31,149,Sale Line,,,,1.00000,7.99000,0.69913,0.00000,0.00000,8.68913,,Flower Bowl,,,,10245,,,,
2026-08-29 14:09:31,149,Sale Line,,,,1.00000,7.99000,0.69913,0.00000,0.00000,8.68913,,Flower Bowl,,,,10245,,,,
2026-08-29 14:09:31,149,Sale Line,,,,1.00000,11.99000,1.04913,0.00000,0.00000,13.03913,,Marble Dish,,,,10228,,,,
2026-08-29 14:09:19,149,Payment,,,,,,,,,,185.84000,Lightspeed Payments,,,,,,,,
2026-08-29 12:09:52,148,Sale,WALKIN,,,3,23.93,2.09,0.00000,0.00000,26.02,,1 X 1st Edition Notecards + 1 X 1st Edition Notecards + 1 X Porter Lane Home - Custom Fall Pattern Tea Towel,Main Register,bparedes@pepperandolive.com,CLOSED,,,,closed,
2026-08-29 12:09:52,148,Sale Line,,,,1.00000,3.99000,0.34913,0.00000,0.00000,4.33913,,1st Edition Notecards,,,,PP482,,,,
2026-08-29 12:09:52,148,Sale Line,,,,1.00000,3.99000,0.34913,0.00000,0.00000,4.33913,,1st Edition Notecards,,,,PP482,,,,
2026-08-29 12:09:52,148,Sale Line,,,,1.00000,15.95000,1.39563,0.00000,0.00000,17.34563,,Porter Lane Home - Custom Fall Pattern Tea Towel / White,,,,TT-AC8114CW,,,,
2026-08-29 12:09:47,148,Payment,,,,,,,,,,26.02000,Lightspeed Payments,,,,,,,,
2026-08-29 12:08:26,147,Sale,WALKIN,,,3,11.97,1.05,0.00000,0.00000,13.02,,1 X 1st Edition Notecards + 1 X 1st Edition Notecards + 1 X 1st Edition Notecards,Main Register,bparedes@pepperandolive.com,CLOSED,,,,closed,
2026-08-29 12:08:26,147,Sale Line,,,,1.00000,3.99000,0.34913,0.00000,0.00000,4.33913,,1st Edition Notecards,,,,PP482,,,,
2026-08-29 12:08:26,147,Sale Line,,,,1.00000,3.99000,0.34913,0.00000,0.00000,4.33913,,1st Edition Notecards,,,,PP482,,,,
2026-08-29 12:08:26,147,Sale Line,,,,1.00000,3.99000,0.34913,0.00000,0.00000,4.33913,,1st Edition Notecards,,,,PP482,,,,
2026-08-29 12:08:20,147,Payment,,,,,,,,,,13.02000,Lightspeed Payments,,,,,,,,
2026-08-29 12:04:01,146,Sale,WALKIN,,,2,9.18,0.80,0.00000,0.00000,9.98,,1 X Match - Rare Snakes + 1 X Match - Darling Paper Rose,Main Register,bparedes@pepperandolive.com,CLOSED,,,,closed,
2026-08-29 12:04:01,146,Sale Line,,,,1.00000,4.59000,0.40163,0.00000,0.00000,4.99163,,Match - Rare Snakes,,,,0901562,,,,
2026-08-29 12:04:01,146,Sale Line,,,,1.00000,4.59000,0.40163,0.00000,0.00000,4.99163,,Match - Darling Paper Rose,,,,0901567,,,,
2026-08-29 12:03:52,146,Payment,,,,,,,,,,9.98000,Lightspeed Payments,,,,,,,,
2026-08-29 11:25:54,145,Sale,WALKIN,,,1,13.99,1.22,0.00000,0.00000,15.21,,"1 X French Flat Spatula, Fruitwood",Main Register,bparedes@pepperandolive.com,CLOSED,,,,closed,
2026-08-29 11:25:54,145,Sale Line,,,,1.00000,13.99000,1.22413,0.00000,0.00000,15.21413,,"French Flat Spatula, Fruitwood",,,,REY434U,,,,
2026-08-29 11:25:43,145,Payment,,,,,,,,,,15.21000,Lightspeed Payments,,,,,,,,
2026-08-28 20:24:52,99,Sale,WALKIN,,this older,-6,-266.94,-23.36,0.00000,0.00000,-290.3,,"-1 X Vintage Hotel Silver 5-piece Flatware Set + -1 X Vintage Hotel Silver 5-piece Flatware Set + -1 X Cast Iron Bee Bottle Opener, Distressed Gold Finish + -1 X Vintage Marble Bowl + -1 X Stoneware Berry Bowl with Glaze + -1 X Crochet Lace Tea Towels S/2",Main Register,eric@pepperandolive.com,SAVED,,,,parked,
2026-08-28 20:24:52,99,Sale Line,,,,-1.00000,-49.99000,-4.37413,0.00000,0.00000,-54.36413,,Vintage Hotel Silver 5-piece Flatware Set,,,,AMA100U,,,,
2026-08-28 20:24:52,99,Sale Line,,,,-1.00000,-49.99000,-4.37413,0.00000,0.00000,-54.36413,,Vintage Hotel Silver 5-piece Flatware Set,,,,AMA100U,,,,
2026-08-28 20:24:52,99,Sale Line,,,,-1.00000,-7.99000,-0.69913,0.00000,0.00000,-8.68913,,"Cast Iron Bee Bottle Opener, Distressed Gold Finish",,,,DF9261,,,,
2026-08-28 20:24:52,99,Sale Line,,,,-1.00000,-89.99000,-7.87413,0.00000,0.00000,-97.86413,,Vintage Marble Bowl,,,,10275,,,,
2026-08-28 20:24:52,99,Sale Line,,,,-1.00000,-19.99000,-1.74913,0.00000,0.00000,-21.73913,,Stoneware Berry Bowl with Glaze,,,,DF4312,,,,
2026-08-28 20:24:52,99,Sale Line,,,,-1.00000,-48.99000,-4.28663,0.00000,0.00000,-53.27663,,Crochet Lace Tea Towels S/2,,,,4-7886,,,,
2026-08-28 15:08:17,144,Sale,WALKIN,,,2,78.98,6.91,0.00000,0.00000,85.89,,1 X Farmhouse Pottery Crock + 1 X Friendship Notecards - Assorted Set of 20,Main Register,bparedes@pepperandolive.com,CLOSED,,,,closed,
2026-08-28 15:08:17,144,Sale Line,,,,1.00000,74.99000,6.56163,0.00000,0.00000,81.55163,,Farmhouse Pottery Crock,,,,10284,,,,
2026-08-28 15:08:17,144,Sale Line,,,,1.00000,3.99000,0.34913,0.00000,0.00000,4.33913,,Friendship Notecards - Assorted Set of 20,,,,PP423,,,,
2026-08-28 15:08:10,144,Payment,,,,,,,,,,85.89000,Lightspeed Payments,,,,,,,,
2026-08-28 14:37:03,143,Sale,WALKIN,,,1,24.99,2.19,0.00000,0.00000,27.18,,1 X White Stone Candles,Main Register,bparedes@pepperandolive.com,CLOSED,,,,closed,
2026-08-28 14:37:03,143,Sale Line,,,,1.00000,24.99000,2.18663,0.00000,0.00000,27.17663,,White Stone Candles / Mavericks,,,,10199,,,,
2026-08-28 14:36:51,143,Payment,,,,,,,,,,27.18000,Lightspeed Payments,,,,,,,,
2026-08-27 16:52:04,142,Sale,WALKIN,,,3,94.93,8.31,0.00000,0.00000,103.24,,1 X Friendship Notecards - Assorted Set of 20 + 1 X Porter Lane Home - Custom Fall Pattern Tea Towel + 1 X The Handwoven Mail Basket,Main Register,shannon@pepperandolive.com,CLOSED,,,,closed,
2026-08-27 16:52:04,142,Sale Line,,,,1.00000,3.99000,0.34913,0.00000,0.00000,4.33913,,Friendship Notecards - Assorted Set of 20,,,,PP423,,,,
2026-08-27 16:52:04,142,Sale Line,,,,1.00000,15.95000,1.39563,0.00000,0.00000,17.34563,,Porter Lane Home - Custom Fall Pattern Tea Towel / White,,,,TT-AC8114CW,,,,
2026-08-27 16:52:04,142,Sale Line,,,,1.00000,74.99000,6.56163,0.00000,0.00000,81.55163,,The Handwoven Mail Basket,,,,SKU0006,,,,
2026-08-27 16:51:53,142,Payment,,,,,,,,,,103.24000,Lightspeed Payments,,,,,,,,
2026-08-26 13:11:57,141,Sale,WALKIN,,,2,29.94,2.62,0.00000,0.00000,32.56,,1 X Wood Handle Measuring Spoons Set + 1 X Porter Lane Home - Custom Fall Pattern Tea Towel,Main Register,bparedes@pepperandolive.com,CLOSED,,,,closed,
2026-08-26 13:11:57,141,Sale Line,,,,1.00000,13.99000,1.22413,0.00000,0.00000,15.21413,,Wood Handle Measuring Spoons Set,,,,KTWD088,,,,
2026-08-26 13:11:57,141,Sale Line,,,,1.00000,15.95000,1.39563,0.00000,0.00000,17.34563,,Porter Lane Home - Custom Fall Pattern Tea Towel / White,,,,TT-AC8114CW,,,,
2026-08-26 13:11:50,141,Payment,,,,,,,,,,32.56000,Lightspeed Payments,,,,,,,,
2026-08-26 13:06:01,140,Sale,WALKIN,,,1,36.95,3.23,0.00000,0.00000,40.18,,1 X Porter Lane Home - Ruffle Pin Stripe Apron,Main Register,bparedes@pepperandolive.com,CLOSED,,,,closed,
2026-08-26 13:06:01,140,Sale Line,,,,1.00000,36.95000,3.23313,0.00000,0.00000,40.18313,,Porter Lane Home - Ruffle Pin Stripe Apron / Rust,,,,ARPSRUST,,,,
2026-08-26 13:05:34,140,Payment,,,,,,,,,,40.18000,Lightspeed Payments,,,,,,,,
2026-08-25 13:29:46,139,Sale,Cara-96B2,Cara Paxman,,9,425.92,37.27,-49.00000,0.00000,463.19,,"1 X 10” Moss Green Beeswax Hand-Dipped Taper Candles (Pair) + 1 X 10” Moss Green Beeswax Hand-Dipped Taper Candles (Pair) + 1 X Glass Hurricane with Marble Base Taper Holder, White, Set of 2 + 1 X Glass Hurricane with Marble Base Taper Holder, White, Set of 2 + 1 X Glass Hurricane with Marble Base Taper Holder, White, Set of 2 + 1 X Bistro Glass Salt Cellar + 1 X Flameless Rechargeable Candle Lighter - Gold + 1 X Provence Jar + 1 X FOUND",Main Register,bparedes@pepperandolive.com,CLOSED,,,,closed,
2026-08-25 13:29:46,139,Sale Line,,,,1.00000,17.99000,1.57413,0.00000,0.00000,19.56413,,10” Moss Green Beeswax Hand-Dipped Taper Candles (Pair),,,,123456,,,,
2026-08-25 13:29:46,139,Sale Line,,,,1.00000,17.99000,1.57413,0.00000,0.00000,19.56413,,10” Moss Green Beeswax Hand-Dipped Taper Candles (Pair),,,,123456,,,,
2026-08-25 13:29:46,139,Sale Line,,,,1.00000,59.99000,5.24913,0.00000,0.00000,65.23913,,"Glass Hurricane with Marble Base Taper Holder, White, Set of 2",,,,DG1776,,,,
2026-08-25 13:29:46,139,Sale Line,,,,1.00000,59.99000,5.24913,0.00000,0.00000,65.23913,,"Glass Hurricane with Marble Base Taper Holder, White, Set of 2",,,,DG1776,,,,
2026-08-25 13:29:46,139,Sale Line,,,,1.00000,59.99000,5.24913,0.00000,0.00000,65.23913,,"Glass Hurricane with Marble Base Taper Holder, White, Set of 2",,,,DG1776,,,,
2026-08-25 13:29:46,139,Sale Line,,,,1.00000,18.99000,1.66163,0.00000,0.00000,20.65163,,Bistro Glass Salt Cellar,,,,GMN710U,,,,
2026-08-25 13:29:46,139,Sale Line,,,,1.00000,16.99000,1.48663,0.00000,0.00000,18.47663,,Flameless Rechargeable Candle Lighter - Gold,,,,10043,,,,
2026-08-25 13:29:46,139,Sale Line,,,,1.00000,124.99000,10.93663,0.00000,0.00000,135.92663,,Provence Jar,,,,10271,,,,
2026-08-25 13:29:46,139,Sale Line,,,,1.00000,49.00000,4.28750,-49.00000,0.00000,53.28750,,FOUND,,,,10051,,,,
2026-08-25 13:29:38,139,Payment,,,,,,,,,,463.19000,Lightspeed Payments,,,,,,,,
2026-08-25 13:17:27,138,Sale,WALKIN,,,9,195.91,17.14,0.00000,0.00000,213.05,,"1 X Vintage Wooden Dishwashing Brush + 1 X 10” Moss Green Beeswax Hand-Dipped Taper Candles (Pair) + 1 X 10” Natural Beeswax Hand-Dipped Taper Candles (Pair) + 1 X Kitchen Tea Towel, Vintage Navy Blue Stripe, Set of 2 + 1 X Food Safe Wood Board Wax, Beeswax and Coconut Oil, Rosemary and Sage + 1 X all natural dish soap-rosemary mint + 1 X KORISSA - Handmade Bread Warmer & Wicker Basket - Vintage flower + 1 X 1st Edition Notecards + 1 X 1st Edition Notecards",Main Register,bparedes@pepperandolive.com,CLOSED,,,,closed,
2026-08-25 13:17:27,138,Sale Line,,,,1.00000,13.99000,1.22413,0.00000,0.00000,15.21413,,Vintage Wooden Dishwashing Brush / Horsehair,,,,CL-BR-WD-HO-015,,,,
2026-08-25 13:17:27,138,Sale Line,,,,1.00000,17.99000,1.57413,0.00000,0.00000,19.56413,,10” Moss Green Beeswax Hand-Dipped Taper Candles (Pair),,,,123456,,,,
2026-08-25 13:17:27,138,Sale Line,,,,1.00000,14.99000,1.31163,0.00000,0.00000,16.30163,,10” Natural Beeswax Hand-Dipped Taper Candles (Pair),,,,1234567,,,,
2026-08-25 13:17:27,138,Sale Line,,,,1.00000,29.99000,2.62413,0.00000,0.00000,32.61413,,"Kitchen Tea Towel, Vintage Navy Blue Stripe, Set of 2",,,,QMN103U,,,,
2026-08-25 13:17:27,138,Sale Line,,,,1.00000,27.99000,2.44913,0.00000,0.00000,30.43913,,"Food Safe Wood Board Wax, Beeswax and Coconut Oil, Rosemary and Sage",,,,REY600,,,,
2026-08-25 13:17:27,138,Sale Line,,,,1.00000,19.99000,1.74913,0.00000,0.00000,21.73913,,all natural dish soap-rosemary mint,,,,10184,,,,
2026-08-25 13:17:27,138,Sale Line,,,,1.00000,62.99000,5.51163,0.00000,0.00000,68.50163,,KORISSA - Handmade Bread Warmer & Wicker Basket - Vintage flower,,,,H-BW-N-01-GJ,,,,
2026-08-25 13:17:27,138,Sale Line,,,,1.00000,3.99000,0.34913,0.00000,0.00000,4.33913,,1st Edition Notecards,,,,PP482,,,,
2026-08-25 13:17:27,138,Sale Line,,,,1.00000,3.99000,0.34913,0.00000,0.00000,4.33913,,1st Edition Notecards,,,,PP482,,,,
2026-08-25 13:17:16,138,Payment,,,,,,,,,,213.05000,Lightspeed Payments,,,,,,,,
2026-08-23 12:46:00,137,Sale,WALKIN,,,4,40.96,3.58,0.00000,0.00000,44.54,,"1 X Big Sur · 2oz Travel Room Spray + 1 X Cast Iron Bee Bottle Opener, Distressed Gold Finish + 1 X Berry Bowl White + 1 X Berry Bowl White",Main Register,bparedes@pepperandolive.com,CLOSED,,,,closed,
2026-08-23 12:46:00,137,Sale Line,,,,1.00000,12.99000,1.13663,0.00000,0.00000,14.12663,,Big Sur · 2oz Travel Room Spray,,,,10046,,,,
2026-08-23 12:46:00,137,Sale Line,,,,1.00000,7.99000,0.69913,0.00000,0.00000,8.68913,,"Cast Iron Bee Bottle Opener, Distressed Gold Finish",,,,DF9261,,,,
2026-08-23 12:46:00,137,Sale Line,,,,1.00000,9.99000,0.87413,0.00000,0.00000,10.86413,,Berry Bowl White,,,,10247,,,,
2026-08-23 12:46:00,137,Sale Line,,,,1.00000,9.99000,0.87413,0.00000,0.00000,10.86413,,Berry Bowl White,,,,10247,,,,
2026-08-23 12:45:48,137,Payment,,,,,,,,,,44.54000,Lightspeed Payments,,,,,,,,
2026-08-23 12:12:46,136,Sale,WALKIN,,,2,32.98,2.89,0.00000,0.00000,35.87,,"1 X Hinged Brass Candle Snuffer- Vintage Style | 7"" | Candles + 1 X Flameless Rechargeable Candle Lighter - Gold",Main Register,bparedes@pepperandolive.com,CLOSED,,,,closed,
2026-08-23 12:12:46,136,Sale Line,,,,1.00000,15.99000,1.39913,0.00000,0.00000,17.38913,,"Hinged Brass Candle Snuffer- Vintage Style | 7"" | Candles",,,,5885,,,,
2026-08-23 12:12:46,136,Sale Line,,,,1.00000,16.99000,1.48663,0.00000,0.00000,18.47663,,Flameless Rechargeable Candle Lighter - Gold,,,,10043,,,,
2026-08-23 12:12:39,136,Payment,,,,,,,,,,35.87000,Lightspeed Payments,,,,,,,,
2026-08-23 11:05:06,135,Sale,WALKIN,,,1,24.99,2.19,0.00000,0.00000,27.18,,1 X Zen Garden · White Tea & Mandarin Spa Candle · Amber 8oz,Main Register,bparedes@pepperandolive.com,CLOSED,,,,closed,
2026-08-23 11:05:06,135,Sale Line,,,,1.00000,24.99000,2.18663,0.00000,0.00000,27.17663,,Zen Garden · White Tea & Mandarin Spa Candle · Amber 8oz,,,,SCS24AJ,,,,
2026-08-23 11:04:56,135,Payment,,,,,,,,,,27.18000,Lightspeed Payments,,,,,,,,
2026-08-22 17:02:01,134,Sale,WALKIN,,,1,23.09,2.02,0.00000,0.00000,25.11,,"-1 X Discount + 1 X Cast Iron Mouse, 3 Styles + 1 X Flower bowls set of 4",Main Register,bparedes@pepperandolive.com,CLOSED,,,,closed,
2026-08-22 17:02:01,134,Sale Line,,,,-1.00000,-9.89400,-0.86573,0.00000,0.00000,-10.75973,,Discount,,,,vend-discount,,,,
2026-08-22 17:02:01,134,Sale Line,,,,1.00000,7.99000,0.69913,0.00000,0.00000,8.68913,,"Cast Iron Mouse, 3 Styles",,,,DE0391A,,,,
2026-08-22 17:02:01,134,Sale Line,,,,1.00000,24.99000,2.18663,0.00000,0.00000,27.17663,,Flower bowls set of 4,,,,DF6034,,,,
2026-08-22 17:01:53,134,Payment,,,,,,,,,,25.11000,Lightspeed Payments,,,,,,,,
2026-08-22 16:21:53,133,Sale,WALKIN,,,2,12.98,1.14,0.00000,0.00000,14.12,,1 X Matches - Moths + 1 X 1st Edition Notecards,Main Register,bparedes@pepperandolive.com,CLOSED,,,,closed,
2026-08-22 16:21:53,133,Sale Line,,,,1.00000,8.99000,0.78663,0.00000,0.00000,9.77663,,Matches - Moths,,,,0905403,,,,
2026-08-22 16:21:53,133,Sale Line,,,,1.00000,3.99000,0.34913,0.00000,0.00000,4.33913,,1st Edition Notecards,,,,PP482,,,,
2026-08-22 16:21:46,133,Payment,,,,,,,,,,14.12000,Lightspeed Payments,,,,,,,,
2026-08-22 15:50:31,132,Sale,WALKIN,,,2,49.98,4.37,0.00000,0.00000,54.35,,1 X California Candle · Amber Jar 8oz + 1 X White Stone Candles,Main Register,bparedes@pepperandolive.com,CLOSED,,,,closed,
2026-08-22 15:50:31,132,Sale Line,,,,1.00000,24.99000,2.18663,0.00000,0.00000,27.17663,,California Candle · Amber Jar 8oz,,,,10041,,,,
2026-08-22 15:50:31,132,Sale Line,,,,1.00000,24.99000,2.18663,0.00000,0.00000,27.17663,,White Stone Candles / Grapefruit and Fig,,,,10198,,,,
2026-08-22 15:50:22,132,Payment,,,,,,,,,,54.35000,Lightspeed Payments,,,,,,,,
2026-08-22 15:39:50,131,Sale,WALKIN,,,1,4.59,0.40,0.00000,0.00000,4.99,,1 X Match - Darling Paper Rose,Main Register,bparedes@pepperandolive.com,CLOSED,,,,closed,
2026-08-22 15:39:50,131,Sale Line,,,,1.00000,4.59000,0.40163,0.00000,0.00000,4.99163,,Match - Darling Paper Rose,,,,0901567,,,,
2026-08-22 15:39:46,131,Payment,,,,,,,,,,5.00000,Cash,,,,,,,,
2026-08-22 15:39:50,131,Payment,,,,,,,,,,-0.01000,Cash,,,,,,,,
2026-08-22 13:30:08,130,Sale,WALKIN,,,14,1581.86,138.41,0.00000,0.00000,1720.27,,"1 X The Belgian Towel Fouta 110x180cm + 1 X Velvet Tuft Round Cushion, Gold + 1 X Velvet Tuft Round Cushion, Gold + 1 X The Belgian Towel Fouta 110x180cm + 1 X Pillow Inserts (Multiple Sizes) + 1 X CUSTOM PILLOWS + 1 X Pillow Inserts (Multiple Sizes) + 1 X CUSTOM PILLOWS + 1 X Jasper custom pillow + 1 X Jasper custom pillow + 1 X Pillow Inserts (Multiple Sizes) + 1 X Pillow Inserts (Multiple Sizes) + 1 X CUSTOM PILLOWS + 1 X Pillow Inserts (Multiple Sizes)",Main Register,bparedes@pepperandolive.com,CLOSED,,,,closed,
2026-08-22 13:30:08,130,Sale Line,,,,1.00000,249.99000,21.87413,0.00000,0.00000,271.86413,,The Belgian Towel Fouta 110x180cm / Multi Stripe,,,,5411503,,,,
2026-08-22 13:30:08,130,Sale Line,,,,1.00000,65.99000,5.77413,0.00000,0.00000,71.76413,,"Velvet Tuft Round Cushion, Gold",,,,01-8889,,,,
2026-08-22 13:30:08,130,Sale Line,,,,1.00000,65.99000,5.77413,0.00000,0.00000,71.76413,,"Velvet Tuft Round Cushion, Gold",,,,01-8889,,,,
2026-08-22 13:30:08,130,Sale Line,,,,1.00000,249.99000,21.87413,0.00000,0.00000,271.86413,,The Belgian Towel Fouta 110x180cm / Multi Stripe,,,,5411503,,,,
2026-08-22 13:30:08,130,Sale Line,,,,1.00000,19.99000,1.74913,0.00000,0.00000,21.73913,,"Pillow Inserts (Multiple Sizes) / 26""x26""",,,,10144,,,,
2026-08-22 13:30:08,130,Sale Line,,,,1.00000,84.99000,7.43663,0.00000,0.00000,92.42663,,CUSTOM PILLOWS / 84.99,,,,10083,,,,
2026-08-22 13:30:08,130,Sale Line,,,,1.00000,19.99000,1.74913,0.00000,0.00000,21.73913,,"Pillow Inserts (Multiple Sizes) / 26""x26""",,,,10144,,,,
2026-08-22 13:30:08,130,Sale Line,,,,1.00000,84.99000,7.43663,0.00000,0.00000,92.42663,,CUSTOM PILLOWS / 84.99,,,,10083,,,,
2026-08-22 13:30:08,130,Sale Line,,,,1.00000,274.99000,24.06163,0.00000,0.00000,299.05163,,Jasper custom pillow / medium,,,,10191,,,,
2026-08-22 13:30:08,130,Sale Line,,,,1.00000,274.99000,24.06163,0.00000,0.00000,299.05163,,Jasper custom pillow / medium,,,,10191,,,,
2026-08-22 13:30:08,130,Sale Line,,,,1.00000,19.99000,1.74913,0.00000,0.00000,21.73913,,"Pillow Inserts (Multiple Sizes) / 24""x24""",,,,10143,,,,
2026-08-22 13:30:08,130,Sale Line,,,,1.00000,19.99000,1.74913,0.00000,0.00000,21.73913,,"Pillow Inserts (Multiple Sizes) / 24""x24""",,,,10143,,,,
2026-08-22 13:30:08,130,Sale Line,,,,1.00000,129.99000,11.37413,0.00000,0.00000,141.36413,,CUSTOM PILLOWS / 129.99,,,,10103,,,,
2026-08-22 13:30:08,130,Sale Line,,,,1.00000,19.99000,1.74913,0.00000,0.00000,21.73913,,"Pillow Inserts (Multiple Sizes) / ""16 x 23""",,,,10141,,,,
2026-08-22 13:28:58,130,Payment,,,,,,,,,,1720.27000,Lightspeed Payments,,,,,,,,
2026-08-22 12:28:57,129,Sale,WALKIN,,,1,16.99,1.49,0.00000,0.00000,18.48,,1 X Flameless Rechargeable Candle Lighter - Gold,Main Register,bparedes@pepperandolive.com,CLOSED,,,,closed,
2026-08-22 12:28:57,129,Sale Line,,,,1.00000,16.99000,1.48663,0.00000,0.00000,18.47663,,Flameless Rechargeable Candle Lighter - Gold,,,,10043,,,,
2026-08-22 12:28:52,129,Payment,,,,,,,,,,18.48000,Lightspeed Payments,,,,,,,,
2026-08-22 12:11:09,128,Sale,WALKIN,,,1,7.99,0.70,0.00000,0.00000,8.69,,"1 X Cast Iron Mouse, 3 Styles",Main Register,bparedes@pepperandolive.com,CLOSED,,,,closed,
2026-08-22 12:11:09,128,Sale Line,,,,1.00000,7.99000,0.69913,0.00000,0.00000,8.68913,,"Cast Iron Mouse, 3 Styles",,,,DE0391A,,,,
2026-08-22 12:10:54,128,Payment,,,,,,,,,,8.69000,Lightspeed Payments,,,,,,,,
2026-08-22 09:51:55,127,Sale,WALKIN,,,2,133.98,11.72,0.00000,0.00000,145.7,,1 X CUSTOM PILLOWS + 1 X 1st Edition Notecards,Main Register,bparedes@pepperandolive.com,CLOSED,,,,closed,
2026-08-22 09:51:55,127,Sale Line,,,,1.00000,129.99000,11.37413,0.00000,0.00000,141.36413,,CUSTOM PILLOWS / 129.99,,,,10103,,,,
2026-08-22 09:51:55,127,Sale Line,,,,1.00000,3.99000,0.34913,0.00000,0.00000,4.33913,,1st Edition Notecards,,,,PP482,,,,
2026-08-22 09:51:40,127,Payment,,,,,,,,,,145.70000,Lightspeed Payments,,,,,,,,
2026-08-20 13:26:52,126,Sale,WALKIN,,,5,83.95,7.35,0.00000,0.00000,91.3,,"1 X Fodory - Vintage Farmhouse Wooden Brush + 1 X all natural dish soap-citrus bliss + 1 X Cast Iron Mouse, 3 Styles + 1 X Bistro Glass Citrus Hand Press Juicer + 1 X Stainless Steel Blade & Faux Leather Tie, Natural",Main Register,sledesma@pepperandolive.com,CLOSED,,,,closed,
2026-08-20 13:26:52,126,Sale Line,,,,1.00000,8.99000,0.78663,0.00000,0.00000,9.77663,,Fodory - Vintage Farmhouse Wooden Brush / A,,,,CL-BR-WD-SI-046,,,,
2026-08-20 13:26:52,126,Sale Line,,,,1.00000,19.99000,1.74913,0.00000,0.00000,21.73913,,all natural dish soap-citrus bliss,,,,10183,,,,
2026-08-20 13:26:52,126,Sale Line,,,,1.00000,7.99000,0.69913,0.00000,0.00000,8.68913,,"Cast Iron Mouse, 3 Styles",,,,DE0391A,,,,
2026-08-20 13:26:52,126,Sale Line,,,,1.00000,24.99000,2.18663,0.00000,0.00000,27.17663,,Bistro Glass Citrus Hand Press Juicer,,,,GMN101,,,,
2026-08-20 13:26:52,126,Sale Line,,,,1.00000,21.99000,1.92413,0.00000,0.00000,23.91413,,"Stainless Steel Blade & Faux Leather Tie, Natural",,,,DG1219,,,,
2026-08-20 13:26:41,126,Payment,,,,,,,,,,91.30000,Lightspeed Payments,,,,,,,,
2026-08-20 12:58:15,125,Sale,WALKIN,,,2,97.98,8.57,0.00000,0.00000,106.55,,1 X Horezu Bowl + 1 X Horezu Bowl,Main Register,sledesma@pepperandolive.com,CLOSED,,,,closed,
2026-08-20 12:58:15,125,Sale Line,,,,1.00000,48.99000,4.28663,0.00000,0.00000,53.27663,,Horezu Bowl,,,,10273,,,,
2026-08-20 12:58:15,125,Sale Line,,,,1.00000,48.99000,4.28663,0.00000,0.00000,53.27663,,Horezu Bowl,,,,10273,,,,
2026-08-20 12:58:10,125,Payment,,,,,,,,,,106.55000,Lightspeed Payments,,,,,,,,
2026-08-20 11:46:49,124,Sale,WALKIN,,,2,69.98,6.12,0.00000,0.00000,76.1,,1 X Tortoise salad Servers + 1 X Book,Main Register,sledesma@pepperandolive.com,CLOSED,,,,closed,
2026-08-20 11:46:49,124,Sale Line,,,,1.00000,29.99000,2.62413,0.00000,0.00000,32.61413,,Tortoise salad Servers,,,,10239,,,,
2026-08-20 11:46:49,124,Sale Line,,,,1.00000,39.99000,3.49913,0.00000,0.00000,43.48913,,Book,,,,10308,,,,
2026-08-20 11:46:34,124,Payment,,,,,,,,,,76.10000,Lightspeed Payments,,,,,,,,
2026-08-19 13:50:32,123,Sale,WALKIN,,,2,15.98,1.40,0.00000,0.00000,17.38,,"1 X Cast Iron Mouse, 3 Styles + 1 X Cast Iron Mouse, 3 Styles",Main Register,kyra@therujis.com,CLOSED,,,,closed,
2026-08-19 13:50:32,123,Sale Line,,,,1.00000,7.99000,0.69913,0.00000,0.00000,8.68913,,"Cast Iron Mouse, 3 Styles",,,,DE0391A,,,,
2026-08-19 13:50:32,123,Sale Line,,,,1.00000,7.99000,0.69913,0.00000,0.00000,8.68913,,"Cast Iron Mouse, 3 Styles",,,,DE0391A,,,,
2026-08-19 13:50:25,123,Payment,,,,,,,,,,17.38000,Lightspeed Payments,,,,,,,,
2026-08-19 13:49:06,122,Sale,WALKIN,,,1,15.99,1.40,0.00000,0.00000,17.39,,"1 X Hinged Brass Candle Snuffer- Vintage Style | 7"" | Candles",Main Register,kyra@therujis.com,CLOSED,,,,closed,
2026-08-19 13:49:06,122,Sale Line,,,,1.00000,15.99000,1.39913,0.00000,0.00000,17.38913,,"Hinged Brass Candle Snuffer- Vintage Style | 7"" | Candles",,,,5885,,,,
2026-08-19 13:48:55,122,Payment,,,,,,,,,,17.39000,Lightspeed Payments,,,,,,,,
2026-08-18 13:35:43,121,Sale,WALKIN,,,3,35.97,3.15,0.00000,0.00000,39.12,,1 X 1st Edition Notecards + 1 X Beech Wood Body Brush w/ Round Handle + 1 X all natural dish soap-rosemary mint,Main Register,kyra@therujis.com,CLOSED,,,,closed,
2026-08-18 13:35:43,121,Sale Line,,,,1.00000,3.99000,0.34913,0.00000,0.00000,4.33913,,1st Edition Notecards,,,,PP482,,,,
2026-08-18 13:35:43,121,Sale Line,,,,1.00000,11.99000,1.04913,0.00000,0.00000,13.03913,,Beech Wood Body Brush w/ Round Handle,,,,DF9267,,,,
2026-08-18 13:35:43,121,Sale Line,,,,1.00000,19.99000,1.74913,0.00000,0.00000,21.73913,,all natural dish soap-rosemary mint,,,,10184,,,,
2026-08-18 13:35:36,121,Payment,,,,,,,,,,40.00000,Cash,,,,,,,,
2026-08-18 13:35:43,121,Payment,,,,,,,,,,-0.88000,Cash,,,,,,,,
2026-08-17 11:13:54,120,Sale,WALKIN,,,1,88.19,7.72,0.00000,0.00000,95.91,,1 X KORISSA - Handmade Bread Warmer & Wicker Basket - Vintage flower + 1 X KORISSA - Handmade Bread Warmer & Wicker Basket - Vintage flower + -1 X Discount,Main Register,kyra@therujis.com,CLOSED,,,,closed,
2026-08-17 11:13:54,120,Sale Line,,,,1.00000,62.99000,5.51163,0.00000,0.00000,68.50163,,KORISSA - Handmade Bread Warmer & Wicker Basket - Vintage flower,,,,H-BW-N-01-GJ,,,,
2026-08-17 11:13:54,120,Sale Line,,,,1.00000,62.99000,5.51163,0.00000,0.00000,68.50163,,KORISSA - Handmade Bread Warmer & Wicker Basket - Vintage flower,,,,H-BW-N-01-GJ,,,,
2026-08-17 11:13:54,120,Sale Line,,,,-1.00000,-37.79400,-3.30698,0.00000,0.00000,-41.10098,,Discount,,,,vend-discount,,,,
2026-08-17 11:13:47,120,Payment,,,,,,,,,,95.90000,Lightspeed Payments,,,,,,,,
2026-08-17 10:37:20,119,Sale,WALKIN,,,8,63.92,5.59,0.00000,0.00000,69.51,,"1 X all natural dish soap-rosemary mint + 1 X Beech Wood Body Brush w/ Round Handle + 1 X Cast Iron Mouse, 3 Styles + 1 X Cast Iron Mouse, 3 Styles + 1 X Friendship Notecards - Assorted Set of 20 + 1 X Friendship Notecards - Assorted Set of 20 + 1 X Friendship Notecards - Assorted Set of 20 + 1 X Friendship Notecards - Assorted Set of 20",Main Register,kyra@therujis.com,CLOSED,,,,closed,
2026-08-17 10:37:20,119,Sale Line,,,,1.00000,19.99000,1.74913,0.00000,0.00000,21.73913,,all natural dish soap-rosemary mint,,,,10184,,,,
2026-08-17 10:37:20,119,Sale Line,,,,1.00000,11.99000,1.04913,0.00000,0.00000,13.03913,,Beech Wood Body Brush w/ Round Handle,,,,DF9267,,,,
2026-08-17 10:37:20,119,Sale Line,,,,1.00000,7.99000,0.69913,0.00000,0.00000,8.68913,,"Cast Iron Mouse, 3 Styles",,,,DE0391A,,,,
2026-08-17 10:37:20,119,Sale Line,,,,1.00000,7.99000,0.69913,0.00000,0.00000,8.68913,,"Cast Iron Mouse, 3 Styles",,,,DE0391A,,,,
2026-08-17 10:37:20,119,Sale Line,,,,1.00000,3.99000,0.34913,0.00000,0.00000,4.33913,,Friendship Notecards - Assorted Set of 20,,,,PP423,,,,
2026-08-17 10:37:20,119,Sale Line,,,,1.00000,3.99000,0.34913,0.00000,0.00000,4.33913,,Friendship Notecards - Assorted Set of 20,,,,PP423,,,,
2026-08-17 10:37:20,119,Sale Line,,,,1.00000,3.99000,0.34913,0.00000,0.00000,4.33913,,Friendship Notecards - Assorted Set of 20,,,,PP423,,,,
2026-08-17 10:37:20,119,Sale Line,,,,1.00000,3.99000,0.34913,0.00000,0.00000,4.33913,,Friendship Notecards - Assorted Set of 20,,,,PP423,,,,
2026-08-17 10:37:09,119,Payment,,,,,,,,,,69.51000,Lightspeed Payments,,,,,,,,
2026-08-17 10:32:00,118,Sale,WALKIN,,,2,31.98,2.80,0.00000,0.00000,34.78,,1 X Beech Wood Body Brush w/ Round Handle + 1 X all natural dish soap-rosemary mint,Main Register,kyra@therujis.com,CLOSED,,,,closed,
2026-08-17 10:32:00,118,Sale Line,,,,1.00000,11.99000,1.04913,0.00000,0.00000,13.03913,,Beech Wood Body Brush w/ Round Handle,,,,DF9267,,,,
2026-08-17 10:32:00,118,Sale Line,,,,1.00000,19.99000,1.74913,0.00000,0.00000,21.73913,,all natural dish soap-rosemary mint,,,,10184,,,,
2026-08-17 10:31:46,118,Payment,,,,,,,,,,34.78000,Lightspeed Payments,,,,,,,,
2026-08-16 13:27:18,117,Sale,WALKIN,,,4,93.96,8.22,0.00000,0.00000,102.18,,"1 X Found Decorative Wood Bread Board with Handle (Each One Will Vary) + 1 X Cast Iron Mouse, 3 Styles + 1 X Bio Stoneware Campestre Dessert Plate, 8.46"" + 1 X Bio Stoneware Campestre Dessert Plate, 8.46""",Main Register,kyra@therujis.com,CLOSED,,,,closed,
2026-08-16 13:27:18,117,Sale Line,,,,1.00000,39.99000,3.49913,0.00000,0.00000,43.48913,,Found Decorative Wood Bread Board with Handle (Each One Will Vary),,,,DG0034,,,,
2026-08-16 13:27:18,117,Sale Line,,,,1.00000,7.99000,0.69913,0.00000,0.00000,8.68913,,"Cast Iron Mouse, 3 Styles",,,,DE0391A,,,,
2026-08-16 13:27:18,117,Sale Line,,,,1.00000,22.99000,2.01163,0.00000,0.00000,25.00163,,"Bio Stoneware Campestre Dessert Plate, 8.46"" / Stoneware",,,,1431960,,,,
2026-08-16 13:27:18,117,Sale Line,,,,1.00000,22.99000,2.01163,0.00000,0.00000,25.00163,,"Bio Stoneware Campestre Dessert Plate, 8.46"" / Stoneware",,,,1431960,,,,
2026-08-16 13:26:35,117,Payment,,,,,,,,,,102.18000,Lightspeed Payments,,,,,,,,
2026-08-15 13:32:37,116,Sale,WALKIN,,,2,62.97,5.51,0.00000,0.00000,68.48,,1 X White Stone Candles + 1 X White Stone Candles + 1 X Santal Noir Room Spray | 6 oz + -1 X Discount,Main Register,kyra@therujis.com,CLOSED,,,,closed,
2026-08-15 13:32:37,116,Sale Line,,,,1.00000,24.99000,2.18663,0.00000,0.00000,27.17663,,White Stone Candles / Oak Moss and Tobacco,,,,10202,,,,
2026-08-15 13:32:37,116,Sale Line,,,,1.00000,24.99000,2.18663,0.00000,0.00000,27.17663,,White Stone Candles / Oak Moss and Tobacco,,,,10202,,,,
2026-08-15 13:32:37,116,Sale Line,,,,1.00000,19.99000,1.74913,0.00000,0.00000,21.73913,,Santal Noir Room Spray | 6 oz,,,,SRS19AB,,,,
2026-08-15 13:32:37,116,Sale Line,,,,-1.00000,-6.99700,-0.61224,0.00000,0.00000,-7.60924,,Discount,,,,vend-discount,,,,
2026-08-15 13:32:22,116,Payment,,,,,,,,,,68.48000,Lightspeed Payments,,,,,,,,
2026-08-15 13:12:38,115,Sale,WALKIN,,,2,49.98,4.37,0.00000,0.00000,54.35,,1 X White Stone Candles + 1 X Sunrise · Sea Salt & Grapefruit Citrus Candle · Amber Jar 8o,Main Register,kyra@therujis.com,CLOSED,,,,closed,
2026-08-15 13:12:38,115,Sale Line,,,,1.00000,24.99000,2.18663,0.00000,0.00000,27.17663,,White Stone Candles / Grapefruit and Fig,,,,10198,,,,
2026-08-15 13:12:38,115,Sale Line,,,,1.00000,24.99000,2.18663,0.00000,0.00000,27.17663,,Sunrise · Sea Salt & Grapefruit Citrus Candle · Amber Jar 8o,,,,SCS21AJ,,,,
2026-08-15 13:12:19,115,Payment,,,,,,,,,,54.35000,Lightspeed Payments,,,,,,,,
2026-08-15 12:14:21,114,Sale,WALKIN,,,3,11.97,1.05,0.00000,0.00000,13.02,,1 X 1st Edition Notecards + 1 X 1st Edition Notecards + 1 X 1st Edition Notecards,Main Register,kyra@therujis.com,CLOSED,,,,closed,
2026-08-15 12:14:21,114,Sale Line,,,,1.00000,3.99000,0.34913,0.00000,0.00000,4.33913,,1st Edition Notecards,,,,PP482,,,,
2026-08-15 12:14:21,114,Sale Line,,,,1.00000,3.99000,0.34913,0.00000,0.00000,4.33913,,1st Edition Notecards,,,,PP482,,,,
2026-08-15 12:14:21,114,Sale Line,,,,1.00000,3.99000,0.34913,0.00000,0.00000,4.33913,,1st Edition Notecards,,,,PP482,,,,
2026-08-15 12:13:49,114,Payment,,,,,,,,,,13.02000,Lightspeed Payments,,,,,,,,
2026-08-13 12:53:58,113,Sale,WALKIN,,,1,9.99,0.87,0.00000,0.00000,10.86,,"1 X Stoneware Garlic/Ginger Grater/Storage, White",Main Register,kyra@therujis.com,CLOSED,,,,closed,
2026-08-13 12:53:58,113,Sale Line,,,,1.00000,9.99000,0.87413,0.00000,0.00000,10.86413,,"Stoneware Garlic/Ginger Grater/Storage, White",,,,DG0454,,,,
2026-08-13 12:53:45,113,Payment,,,,,,,,,,10.86000,Lightspeed Payments,,,,,,,,
2026-08-12 15:08:55,112,Sale,WALKIN,,,3,43.97,3.85,0.00000,0.00000,47.82,,1 X Wood Brush Soft Bristle + 1 X Kitchen Whisks with Wooden Handle + 1 X Cheese Grater with Walnut Wood Handle,Main Register,sledesma@pepperandolive.com,CLOSED,,,,closed,
2026-08-12 15:08:55,112,Sale Line,,,,1.00000,13.99000,1.22413,0.00000,0.00000,15.21413,,Wood Brush Soft Bristle / PP,,,,CLWDPP0,,,,
2026-08-12 15:08:55,112,Sale Line,,,,1.00000,13.99000,1.22413,0.00000,0.00000,15.21413,,Kitchen Whisks with Wooden Handle,,,,KTWD020,,,,
2026-08-12 15:08:55,112,Sale Line,,,,1.00000,15.99000,1.39913,0.00000,0.00000,17.38913,,Cheese Grater with Walnut Wood Handle / Coarse,,,,KTWDCoa,,,,
2026-08-12 15:08:40,112,Payment,,,,,,,,,,47.82000,Lightspeed Payments,,,,,,,,
2026-08-11 16:01:29,111,Sale,WALKIN,,,5,58.95,5.16,0.00000,0.00000,64.11,,"1 X Stoneware Garlic/Ginger Grater/Storage, White + 1 X Flower Bowl + 1 X Stoneware Berry Bowl with Glaze + 1 X California · 2oz Travel Room Spray + 1 X Cast Iron Mouse, 3 Styles",Main Register,sledesma@pepperandolive.com,CLOSED,,,,closed,
2026-08-11 16:01:29,111,Sale Line,,,,1.00000,9.99000,0.87413,0.00000,0.00000,10.86413,,"Stoneware Garlic/Ginger Grater/Storage, White",,,,DG0454,,,,
2026-08-11 16:01:29,111,Sale Line,,,,1.00000,7.99000,0.69913,0.00000,0.00000,8.68913,,Flower Bowl,,,,10245,,,,
2026-08-11 16:01:29,111,Sale Line,,,,1.00000,19.99000,1.74913,0.00000,0.00000,21.73913,,Stoneware Berry Bowl with Glaze,,,,DF4312,,,,
2026-08-11 16:01:29,111,Sale Line,,,,1.00000,12.99000,1.13663,0.00000,0.00000,14.12663,,California · 2oz Travel Room Spray,,,,10045,,,,
2026-08-11 16:01:29,111,Sale Line,,,,1.00000,7.99000,0.69913,0.00000,0.00000,8.68913,,"Cast Iron Mouse, 3 Styles",,,,DE0391A,,,,
2026-08-11 16:01:22,111,Payment,,,,,,,,,,64.11000,Lightspeed Payments,,,,,,,,
2026-08-09 14:17:26,110,Sale,Eric-MHPT,Eric Rujiraviriyapinyo,"Order ID:3

Total Discount Amount: 0",-1,-3.99,-0.35,0.00000,0.00000,-4.34,,-1 X Friendship Notecards - Assorted Set of 20,Main Register,eric@pepperandolive.com,CLOSED,,,,closed,
2026-08-09 14:17:26,110,Sale Line,,,,-1.00000,-3.99000,-0.34992,0.00000,0.00000,-4.33992,,Friendship Notecards - Assorted Set of 20,,,,PP423,,,,
2026-08-09 14:17:26,110,Payment,,,,,,,,,,-4.34000,lspayments (Online),,,,,,,,
2026-08-09 14:09:49,6,Sale,Eric-MHPT,Eric Rujiraviriyapinyo,"Order ID:3

Total Discount Amount: 0",1,3.99,0.35,0.00000,0.00000,4.34,,1 X Friendship Notecards - Assorted Set of 20,Online register,eric@pepperandolive.com,PICKED_UP_CLOSED,,,,closed,pickup
2026-08-09 14:09:49,6,Sale Line,,,,1.00000,3.99000,0.35000,0.00000,0.00000,4.34000,,Friendship Notecards - Assorted Set of 20,,,,PP423,,,,
2026-08-09 14:09:49,6,Payment,,,,,,,,,,4.34000,lspayments (Online),,,,,,,,
2026-08-09 14:07:28,109,Sale,Eric-MHPT,Eric Rujiraviriyapinyo,"Order ID:2

Total Discount Amount: 0",-1,-17.99,-1.57,0.00000,0.00000,-19.56,,-1 X 1 oz./2 oz. Brass Double Sided Cocktail Jigger,Main Register,eric@pepperandolive.com,CLOSED,,,,closed,
2026-08-09 14:07:28,109,Sale Line,,,,-1.00000,-17.99000,-1.57053,0.00000,0.00000,-19.56053,,1 oz./2 oz. Brass Double Sided Cocktail Jigger,,,,DG0222,,,,
2026-08-09 14:07:28,109,Payment,,,,,,,,,,-19.56000,lspayments (Online),,,,,,,,
2026-08-09 13:33:00,4,Sale,Eric-MHPT,Eric Rujiraviriyapinyo,"Order ID:2

Total Discount Amount: 0",1,17.99,1.57,0.00000,0.00000,19.56,,1 X 1 oz./2 oz. Brass Double Sided Cocktail Jigger,Online register,eric@pepperandolive.com,PICKED_UP_CLOSED,,,,closed,pickup
2026-08-09 13:33:00,4,Sale Line,,,,1.00000,17.99000,1.57000,0.00000,0.00000,19.56000,,1 oz./2 oz. Brass Double Sided Cocktail Jigger,,,,DG0222,,,,
2026-08-09 13:33:00,4,Payment,,,,,,,,,,19.56000,lspayments (Online),,,,,,,,
2026-08-09 13:12:30,108,Sale,WALKIN,,,3,11.97,1.05,0.00000,0.00000,13.02,,1 X 1st Edition Notecards + 1 X 1st Edition Notecards + 1 X 1st Edition Notecards,Main Register,sledesma@pepperandolive.com,CLOSED,,,,closed,
2026-08-09 13:12:30,108,Sale Line,,,,1.00000,3.99000,0.34913,0.00000,0.00000,4.33913,,1st Edition Notecards,,,,PP482,,,,
2026-08-09 13:12:30,108,Sale Line,,,,1.00000,3.99000,0.34913,0.00000,0.00000,4.33913,,1st Edition Notecards,,,,PP482,,,,
2026-08-09 13:12:30,108,Sale Line,,,,1.00000,3.99000,0.34913,0.00000,0.00000,4.33913,,1st Edition Notecards,,,,PP482,,,,
2026-08-09 13:12:23,108,Payment,,,,,,,,,,13.02000,Lightspeed Payments,,,,,,,,
2026-08-09 11:46:14,107,Sale,WALKIN,,,1,7.99,0.70,0.00000,0.00000,8.69,,"1 X Cast Iron Bee Bottle Opener, Distressed Gold Finish",Main Register,sledesma@pepperandolive.com,CLOSED,,,,closed,
2026-08-09 11:46:14,107,Sale Line,,,,1.00000,7.99000,0.69913,0.00000,0.00000,8.68913,,"Cast Iron Bee Bottle Opener, Distressed Gold Finish",,,,DF9261,,,,
2026-08-09 11:46:06,107,Payment,,,,,,,,,,8.69000,Lightspeed Payments,,,,,,,,
2026-08-09 11:43:24,106,Sale,WALKIN,,,2,7.98,0.70,0.00000,0.00000,8.68,,1 X 1st Edition Notecards + 1 X 1st Edition Notecards,Main Register,sledesma@pepperandolive.com,CLOSED,,,,closed,
2026-08-09 11:43:24,106,Sale Line,,,,1.00000,3.99000,0.34913,0.00000,0.00000,4.33913,,1st Edition Notecards,,,,PP482,,,,
2026-08-09 11:43:24,106,Sale Line,,,,1.00000,3.99000,0.34913,0.00000,0.00000,4.33913,,1st Edition Notecards,,,,PP482,,,,
2026-08-09 11:43:13,106,Payment,,,,,,,,,,8.68000,Lightspeed Payments,,,,,,,,
2026-08-09 10:27:06,105,Sale,WALKIN,,,0,13.99,1.22,0.00000,0.00000,15.21,,1 X Brass Napkin Rings - Set of 4 + -1 X Discount,Main Register,sledesma@pepperandolive.com,CLOSED,,,,closed,
2026-08-09 10:27:06,105,Sale Line,,,,1.00000,19.99000,1.74913,0.00000,0.00000,21.73913,,Brass Napkin Rings - Set of 4,,,,10251,,,,
2026-08-09 10:27:06,105,Sale Line,,,,-1.00000,-5.99700,-0.52474,0.00000,0.00000,-6.52174,,Discount,,,,vend-discount,,,,
2026-08-09 10:26:52,105,Payment,,,,,,,,,,15.22000,Lightspeed Payments,,,,,,,,
2026-08-08 12:45:22,104,Sale,WALKIN,,,2,38.98,3.41,0.00000,0.00000,42.39,,1 X White Stone Candles + 1 X Beech Wood Dish Brush with Leather Strap,Main Register,sledesma@pepperandolive.com,CLOSED,,,,closed,
2026-08-08 12:45:22,104,Sale Line,,,,1.00000,24.99000,2.18663,0.00000,0.00000,27.17663,,White Stone Candles / Mavericks,,,,10199,,,,
2026-08-08 12:45:22,104,Sale Line,,,,1.00000,13.99000,1.22413,0.00000,0.00000,15.21413,,Beech Wood Dish Brush with Leather Strap,,,,DF3013,,,,
2026-08-08 12:45:08,104,Payment,,,,,,,,,,42.39000,Lightspeed Payments,,,,,,,,
2026-08-08 11:14:21,103,Sale,WALKIN,,,1,7.99,0.70,0.00000,0.00000,8.69,,1 X Flower Bowl,Main Register,sledesma@pepperandolive.com,CLOSED,,,,closed,
2026-08-08 11:14:21,103,Sale Line,,,,1.00000,7.99000,0.69913,0.00000,0.00000,8.68913,,Flower Bowl,,,,10245,,,,
2026-08-08 11:14:12,103,Payment,,,,,,,,,,8.69000,Lightspeed Payments,,,,,,,,
2026-08-08 11:10:06,102,Sale,WALKIN,,,3,187.97,16.45,0.00000,0.00000,204.42,,"1 X Provence Jar + 1 X Vintage Mc Coy pot + 1 X Stoneware Bowls with Reactive Glaze, Set of 4",Main Register,sledesma@pepperandolive.com,CLOSED,,,,closed,
2026-08-08 11:10:06,102,Sale Line,,,,1.00000,124.99000,10.93663,0.00000,0.00000,135.92663,,Provence Jar,,,,10271,,,,
2026-08-08 11:10:06,102,Sale Line,,,,1.00000,39.99000,3.49913,0.00000,0.00000,43.48913,,Vintage Mc Coy pot,,,,10185,,,,
2026-08-08 11:10:06,102,Sale Line,,,,1.00000,22.99000,2.01163,0.00000,0.00000,25.00163,,"Stoneware Bowls with Reactive Glaze, Set of 4",,,,DF4964,,,,
2026-08-08 11:10:00,102,Payment,,,,,,,,,,204.42000,Lightspeed Payments,,,,,,,,
2026-08-08 11:06:46,101,Sale,WALKIN,,,-1,-48.99,-4.29,0.00000,0.00000,-53.28,,-1 X Crochet Lace Tea Towels S/2,Main Register,sledesma@pepperandolive.com,CLOSED,,,,closed,
2026-08-08 11:06:46,101,Sale Line,,,,-1.00000,-48.99000,-4.28663,0.00000,0.00000,-53.27663,,Crochet Lace Tea Towels S/2,,,,4-7886,,,,
2026-08-08 11:06:44,101,Payment,,,,,,,,,,-53.28000,Lightspeed Payments,,,,,,,,
2026-08-08 11:05:22,100,Sale,WALKIN,,,-2,-99.98,-8.75,0.00000,0.00000,-108.73,,-1 X Vintage Hotel Silver 5-piece Flatware Set + -1 X Vintage Hotel Silver 5-piece Flatware Set,Main Register,sledesma@pepperandolive.com,CLOSED,,,,closed,
2026-08-08 11:05:22,100,Sale Line,,,,-1.00000,-49.99000,-4.37413,0.00000,0.00000,-54.36413,,Vintage Hotel Silver 5-piece Flatware Set,,,,AMA100U,,,,
2026-08-08 11:05:22,100,Sale Line,,,,-1.00000,-49.99000,-4.37413,0.00000,0.00000,-54.36413,,Vintage Hotel Silver 5-piece Flatware Set,,,,AMA100U,,,,
2026-08-08 11:05:21,100,Payment,,,,,,,,,,-108.73000,Lightspeed Payments,,,,,,,,
2026-08-08 11:00:33,98,Sale,WALKIN,,,6,266.94,23.36,0.00000,0.00000,290.3,,"1 X Crochet Lace Tea Towels S/2 + 1 X Stoneware Berry Bowl with Glaze + 1 X Vintage Marble Bowl + 1 X Cast Iron Bee Bottle Opener, Distressed Gold Finish + 1 X Vintage Hotel Silver 5-piece Flatware Set + 1 X Vintage Hotel Silver 5-piece Flatware Set",Main Register,sledesma@pepperandolive.com,CLOSED,,,,closed,
2026-08-08 11:00:33,98,Sale Line,,,,1.00000,48.99000,4.28663,0.00000,0.00000,53.27663,,Crochet Lace Tea Towels S/2,,,,4-7886,,,,
2026-08-08 11:00:33,98,Sale Line,,,,1.00000,19.99000,1.74913,0.00000,0.00000,21.73913,,Stoneware Berry Bowl with Glaze,,,,DF4312,,,,
2026-08-08 11:00:33,98,Sale Line,,,,1.00000,89.99000,7.87413,0.00000,0.00000,97.86413,,Vintage Marble Bowl,,,,10275,,,,
2026-08-08 11:00:33,98,Sale Line,,,,1.00000,7.99000,0.69913,0.00000,0.00000,8.68913,,"Cast Iron Bee Bottle Opener, Distressed Gold Finish",,,,DF9261,,,,
2026-08-08 11:00:33,98,Sale Line,,,,1.00000,49.99000,4.37413,0.00000,0.00000,54.36413,,Vintage Hotel Silver 5-piece Flatware Set,,,,AMA100U,,,,
2026-08-08 11:00:33,98,Sale Line,,,,1.00000,49.99000,4.37413,0.00000,0.00000,54.36413,,Vintage Hotel Silver 5-piece Flatware Set,,,,AMA100U,,,,
2026-08-08 11:00:13,98,Payment,,,,,,,,,,290.30000,Lightspeed Payments,,,,,,,,
2026-08-07 13:18:48,96,Sale,WALKIN,,Samita ,8,97.92,8.57,0.00000,0.00000,106.49,,"1 X Stoneware Garlic/Ginger Grater/Storage, White + 1 X Stoneware Garlic/Ginger Grater/Storage, White + 1 X Kitchen Tea Towel, Vintage Navy Blue Stripe, Set of 2 + 1 X Kitchen Tea Towel, Vintage Navy Blue Stripe, Set of 2 + 1 X 1st Edition Notecards + 1 X 1st Edition Notecards + 1 X Pinch Bowl Ceramic + 1 X Pinch Bowl Ceramic",Main Register,sledesma@pepperandolive.com,CLOSED,,,,closed,
2026-08-07 13:18:48,96,Sale Line,,,,1.00000,9.99000,0.87413,0.00000,0.00000,10.86413,,"Stoneware Garlic/Ginger Grater/Storage, White",,,,DG0454,,,,
2026-08-07 13:18:48,96,Sale Line,,,,1.00000,9.99000,0.87413,0.00000,0.00000,10.86413,,"Stoneware Garlic/Ginger Grater/Storage, White",,,,DG0454,,,,
2026-08-07 13:18:48,96,Sale Line,,,,1.00000,29.99000,2.62413,0.00000,0.00000,32.61413,,"Kitchen Tea Towel, Vintage Navy Blue Stripe, Set of 2",,,,QMN103U,,,,
2026-08-07 13:18:48,96,Sale Line,,,,1.00000,29.99000,2.62413,0.00000,0.00000,32.61413,,"Kitchen Tea Towel, Vintage Navy Blue Stripe, Set of 2",,,,QMN103U,,,,
2026-08-07 13:18:48,96,Sale Line,,,,1.00000,3.99000,0.34913,0.00000,0.00000,4.33913,,1st Edition Notecards,,,,PP482,,,,
2026-08-07 13:18:48,96,Sale Line,,,,1.00000,3.99000,0.34913,0.00000,0.00000,4.33913,,1st Edition Notecards,,,,PP482,,,,
2026-08-07 13:18:48,96,Sale Line,,,,1.00000,4.99000,0.43663,0.00000,0.00000,5.42663,,Pinch Bowl Ceramic,,,,10236,,,,
2026-08-07 13:18:48,96,Sale Line,,,,1.00000,4.99000,0.43663,0.00000,0.00000,5.42663,,Pinch Bowl Ceramic,,,,10236,,,,
2026-08-07 13:18:40,96,Payment,,,,,,,,,,106.49000,Lightspeed Payments,,,,,,,,
2026-08-07 13:12:28,97,Sale,WALKIN,,,2,49.98,4.37,0.00000,0.00000,54.35,,1 X White Stone Candles + 1 X White Stone Candles,Main Register,sledesma@pepperandolive.com,CLOSED,,,,closed,
2026-08-07 13:12:28,97,Sale Line,,,,1.00000,24.99000,2.18663,0.00000,0.00000,27.17663,,White Stone Candles / Grapefruit and Fig,,,,10198,,,,
2026-08-07 13:12:28,97,Sale Line,,,,1.00000,24.99000,2.18663,0.00000,0.00000,27.17663,,White Stone Candles / Grapefruit and Fig,,,,10198,,,,
2026-08-07 13:12:17,97,Payment,,,,,,,,,,54.35000,Lightspeed Payments,,,,,,,,
2026-08-05 15:36:21,95,Sale,WALKIN,,,8,99.92,8.74,0.00000,0.00000,108.66,,"1 X 1st Edition Notecards + 1 X 1st Edition Notecards + 1 X 1st Edition Notecards + 1 X 1st Edition Notecards + 1 X 1st Edition Notecards + 1 X Resin Striped Photo Frame, White & Caramel Color (Holds 4"" x 6"" Photo) + 1 X Tortoise salad Servers + 1 X White Stone Candles",Main Register,sledesma@pepperandolive.com,CLOSED,,,,closed,
2026-08-05 15:36:21,95,Sale Line,,,,1.00000,3.99000,0.34913,0.00000,0.00000,4.33913,,1st Edition Notecards,,,,PP482,,,,
2026-08-05 15:36:21,95,Sale Line,,,,1.00000,3.99000,0.34913,0.00000,0.00000,4.33913,,1st Edition Notecards,,,,PP482,,,,
2026-08-05 15:36:21,95,Sale Line,,,,1.00000,3.99000,0.34913,0.00000,0.00000,4.33913,,1st Edition Notecards,,,,PP482,,,,
2026-08-05 15:36:21,95,Sale Line,,,,1.00000,3.99000,0.34913,0.00000,0.00000,4.33913,,1st Edition Notecards,,,,PP482,,,,
2026-08-05 15:36:21,95,Sale Line,,,,1.00000,3.99000,0.34913,0.00000,0.00000,4.33913,,1st Edition Notecards,,,,PP482,,,,
2026-08-05 15:36:21,95,Sale Line,,,,1.00000,24.99000,2.18663,0.00000,0.00000,27.17663,,"Resin Striped Photo Frame, White & Caramel Color (Holds 4"" x 6"" Photo)",,,,DG1278,,,,
2026-08-05 15:36:21,95,Sale Line,,,,1.00000,29.99000,2.62413,0.00000,0.00000,32.61413,,Tortoise salad Servers,,,,10239,,,,
2026-08-05 15:36:21,95,Sale Line,,,,1.00000,24.99000,2.18663,0.00000,0.00000,27.17663,,White Stone Candles / Farmers Market,,,,10200,,,,
2026-08-05 15:36:14,95,Payment,,,,,,,,,,108.66000,Lightspeed Payments,,,,,,,,
2026-08-05 14:46:33,94,Sale,WALKIN,,,2,43.98,3.85,0.00000,0.00000,47.83,,1 X Bistro Glass Citrus Hand Press Juicer + 1 X Bistro Glass Salt Cellar,Main Register,sledesma@pepperandolive.com,CLOSED,,,,closed,
2026-08-05 14:46:33,94,Sale Line,,,,1.00000,24.99000,2.18663,0.00000,0.00000,27.17663,,Bistro Glass Citrus Hand Press Juicer,,,,GMN101,,,,
2026-08-05 14:46:33,94,Sale Line,,,,1.00000,18.99000,1.66163,0.00000,0.00000,20.65163,,Bistro Glass Salt Cellar,,,,GMN710U,,,,
2026-08-05 14:46:22,94,Payment,,,,,,,,,,47.83000,Lightspeed Payments,,,,,,,,
2026-08-04 16:25:49,93,Sale,WALKIN,,,9,189.51,16.58,0.00000,0.00000,206.09,,1 X White Stone Candles + 1 X Handmade Terracotta candles - Megah Box of 6 + 1 X 6 oz. Hand-Blown Twisted Stemmed Coupe Glass (Each One Will Vary) + 1 X 6 oz. Hand-Blown Twisted Stemmed Coupe Glass (Each One Will Vary) + 1 X 6 oz. Hand-Blown Twisted Stemmed Coupe Glass (Each One Will Vary) + 1 X 6 oz. Hand-Blown Twisted Stemmed Coupe Glass (Each One Will Vary) + 1 X 1 oz./2 oz. Brass Double Sided Cocktail Jigger + 1 X Match - Rare Snakes + 1 X Handmade Bread Warmer & Wicker Basket - Flower,Main Register,sledesma@pepperandolive.com,CLOSED,,,,closed,
2026-08-04 16:25:49,93,Sale Line,,,,1.00000,24.99000,2.18663,0.00000,0.00000,27.17663,,White Stone Candles / Oak Moss and Tobacco,,,,10202,,,,
2026-08-04 16:25:49,93,Sale Line,,,,1.00000,22.99000,2.01163,0.00000,0.00000,25.00163,,Handmade Terracotta candles - Megah Box of 6,,,,DGC109,,,,
2026-08-04 16:25:49,93,Sale Line,,,,1.00000,13.99000,1.22413,0.00000,0.00000,15.21413,,6 oz. Hand-Blown Twisted Stemmed Coupe Glass (Each One Will Vary),,,,DG1045,,,,
2026-08-04 16:25:49,93,Sale Line,,,,1.00000,13.99000,1.22413,0.00000,0.00000,15.21413,,6 oz. Hand-Blown Twisted Stemmed Coupe Glass (Each One Will Vary),,,,DG1045,,,,
2026-08-04 16:25:49,93,Sale Line,,,,1.00000,13.99000,1.22413,0.00000,0.00000,15.21413,,6 oz. Hand-Blown Twisted Stemmed Coupe Glass (Each One Will Vary),,,,DG1045,,,,
2026-08-04 16:25:49,93,Sale Line,,,,1.00000,13.99000,1.22413,0.00000,0.00000,15.21413,,6 oz. Hand-Blown Twisted Stemmed Coupe Glass (Each One Will Vary),,,,DG1045,,,,
2026-08-04 16:25:49,93,Sale Line,,,,1.00000,17.99000,1.57413,0.00000,0.00000,19.56413,,1 oz./2 oz. Brass Double Sided Cocktail Jigger,,,,DG0222,,,,
2026-08-04 16:25:49,93,Sale Line,,,,1.00000,4.59000,0.40163,0.00000,0.00000,4.99163,,Match - Rare Snakes,,,,0901562,,,,
2026-08-04 16:25:49,93,Sale Line,,,,1.00000,62.99000,5.51163,0.00000,0.00000,68.50163,,Handmade Bread Warmer & Wicker Basket - Flower,,,,HBWN02G,,,,
2026-08-04 16:25:34,93,Payment,,,,,,,,,,206.09000,Lightspeed Payments,,,,,,,,
2026-08-04 10:22:11,92,Sale,WALKIN,,,2,57.98,5.07,0.00000,0.00000,63.05,,"1 X Cast Iron Bee Bottle Opener, Distressed Gold Finish + 1 X Big Sur 3-Wick Luxe Candle",Main Register,sledesma@pepperandolive.com,CLOSED,,,,closed,
2026-08-04 10:22:11,92,Sale Line,,,,1.00000,7.99000,0.69913,0.00000,0.00000,8.68913,,"Cast Iron Bee Bottle Opener, Distressed Gold Finish",,,,DF9261,,,,
2026-08-04 10:22:11,92,Sale Line,,,,1.00000,49.99000,4.37413,0.00000,0.00000,54.36413,,Big Sur 3-Wick Luxe Candle,,,,CA3WBIG,,,,
2026-08-04 10:21:56,92,Payment,,,,,,,,,,63.05000,Lightspeed Payments,,,,,,,,
2026-08-03 13:29:45,91,Sale,WALKIN,,,2,31.98,2.80,0.00000,0.00000,34.78,,1 X Zen Room Spray | 6 oz + 1 X Beech Wood Body Brush w/ Round Handle,Main Register,sledesma@pepperandolive.com,CLOSED,,,,closed,
2026-08-03 13:29:45,91,Sale Line,,,,1.00000,19.99000,1.74913,0.00000,0.00000,21.73913,,Zen Room Spray | 6 oz,,,,SRS24AB,,,,
2026-08-03 13:29:45,91,Sale Line,,,,1.00000,11.99000,1.04913,0.00000,0.00000,13.03913,,Beech Wood Body Brush w/ Round Handle,,,,DF9267,,,,
2026-08-03 13:29:29,91,Payment,,,,,,,,,,34.78000,Lightspeed Payments,,,,,,,,
2026-08-02 12:51:57,90,Sale,WALKIN,,,1,19.99,1.75,0.00000,0.00000,21.74,,1 X Stoneware Berry Bowl with Glaze,Main Register,kyra@therujis.com,CLOSED,,,,closed,
2026-08-02 12:51:57,90,Sale Line,,,,1.00000,19.99000,1.74913,0.00000,0.00000,21.73913,,Stoneware Berry Bowl with Glaze,,,,DF4312,,,,
2026-08-02 12:51:52,90,Payment,,,,,,,,,,21.74000,Lightspeed Payments,,,,,,,,
2026-08-02 12:50:23,89,Sale,WALKIN,,,2,34.58,3.03,0.00000,0.00000,37.61,,1 X Match - Darling Paper Rose + 1 X Tortoise salad Servers,Main Register,kyra@therujis.com,CLOSED,,,,closed,
2026-08-02 12:50:23,89,Sale Line,,,,1.00000,4.59000,0.40163,0.00000,0.00000,4.99163,,Match - Darling Paper Rose,,,,0901567,,,,
2026-08-02 12:50:23,89,Sale Line,,,,1.00000,29.99000,2.62413,0.00000,0.00000,32.61413,,Tortoise salad Servers,,,,10239,,,,
2026-08-02 12:50:13,89,Payment,,,,,,,,,,37.61000,Lightspeed Payments,,,,,,,,
2026-08-02 12:31:49,88,Sale,WALKIN,,,2,30.98,2.71,0.00000,0.00000,33.69,,1 X Wooden Tongs + 1 X Zen Room Spray | 6 oz,Main Register,kyra@therujis.com,CLOSED,,,,closed,
2026-08-02 12:31:49,88,Sale Line,,,,1.00000,10.99000,0.96163,0.00000,0.00000,11.95163,,Wooden Tongs,,,,KTWDTon,,,,
2026-08-02 12:31:49,88,Sale Line,,,,1.00000,19.99000,1.74913,0.00000,0.00000,21.73913,,Zen Room Spray | 6 oz,,,,SRS24AB,,,,
2026-08-02 12:31:35,88,Payment,,,,,,,,,,33.69000,Lightspeed Payments,,,,,,,,
2026-08-02 11:46:33,87,Sale,WALKIN,,,4,70.96,6.21,0.00000,0.00000,77.17,,"1 X Bistro Glass Salt Cellar + 1 X Stoneware Bowls with Reactive Glaze, Set of 4 + 1 X Stoneware Garlic/Ginger Grater/Storage, White + 1 X Bistro Glass Salt Cellar",Main Register,kyra@therujis.com,CLOSED,,,,closed,
2026-08-02 11:46:33,87,Sale Line,,,,1.00000,18.99000,1.66163,0.00000,0.00000,20.65163,,Bistro Glass Salt Cellar,,,,GMN710U,,,,
2026-08-02 11:46:33,87,Sale Line,,,,1.00000,22.99000,2.01163,0.00000,0.00000,25.00163,,"Stoneware Bowls with Reactive Glaze, Set of 4",,,,DF4964,,,,
2026-08-02 11:46:33,87,Sale Line,,,,1.00000,9.99000,0.87413,0.00000,0.00000,10.86413,,"Stoneware Garlic/Ginger Grater/Storage, White",,,,DG0454,,,,
2026-08-02 11:46:33,87,Sale Line,,,,1.00000,18.99000,1.66163,0.00000,0.00000,20.65163,,Bistro Glass Salt Cellar,,,,GMN710U,,,,
2026-08-02 11:46:19,87,Payment,,,,,,,,,,77.17000,Lightspeed Payments,,,,,,,,
2026-08-01 12:02:52,86,Sale,WALKIN,,,3,147.97,12.95,0.00000,0.00000,160.92,,1 X SARDINES II - Art Print + 1 X Vintage watercolor sailboat scene B matted + 1 X Audrey's Home & Gift - Framed Print - Olive Matted Tree Sketch,Main Register,kyra@therujis.com,CLOSED,,,,closed,
2026-08-01 12:02:52,86,Sale Line,,,,1.00000,47.99000,4.19913,0.00000,0.00000,52.18913,,"SARDINES II - Art Print / 4x6""",,,,10072,,,,
2026-08-01 12:02:52,86,Sale Line,,,,1.00000,49.99000,4.37413,0.00000,0.00000,54.36413,,"Vintage watercolor sailboat scene B matted / Beaded Pewter Frame 1315-75 / 10"" X 8""",,,,1145BMA,,,,
2026-08-01 12:02:52,86,Sale Line,,,,1.00000,49.99000,4.37413,0.00000,0.00000,54.36413,,Audrey's Home & Gift - Framed Print - Olive Matted Tree Sketch,,,,8WH1216,,,,
2026-08-01 12:02:33,86,Payment,,,,,,,,,,160.92000,Lightspeed Payments,,,,,,,,
2026-08-01 10:42:23,85,Sale,WALKIN,,,2,47.98,4.20,0.00000,0.00000,52.18,,"1 X Palo Santo · Palo Santo & Cardamom Forest Candle · Amber Jar + 1 X Stoneware Bowls with Reactive Glaze, Set of 4",Main Register,kyra@therujis.com,CLOSED,,,,closed,
2026-08-01 10:42:23,85,Sale Line,,,,1.00000,24.99000,2.18663,0.00000,0.00000,27.17663,,Palo Santo · Palo Santo & Cardamom Forest Candle · Amber Jar,,,,SCS17AJ,,,,
2026-08-01 10:42:23,85,Sale Line,,,,1.00000,22.99000,2.01163,0.00000,0.00000,25.00163,,"Stoneware Bowls with Reactive Glaze, Set of 4",,,,DF4964,,,,
2026-08-01 10:42:07,85,Payment,,,,,,,,,,52.18000,Lightspeed Payments,,,,,,,,
2026-07-31 16:08:44,84,Sale,WALKIN,,,1,24.99,2.19,0.00000,0.00000,27.18,,"1 X Resin Striped Photo Frame, White & Caramel Color (Holds 4"" x 6"" Photo)",Main Register,kyra@therujis.com,CLOSED,,,,closed,
2026-07-31 16:08:44,84,Sale Line,,,,1.00000,24.99000,2.18663,0.00000,0.00000,27.17663,,"Resin Striped Photo Frame, White & Caramel Color (Holds 4"" x 6"" Photo)",,,,DG1278,,,,
2026-07-31 16:08:31,84,Payment,,,,,,,,,,30.00000,Cash,,,,,,,,
2026-07-31 16:08:44,84,Payment,,,,,,,,,,-2.82000,Cash,,,,,,,,
2026-07-31 11:54:22,83,Sale,WALKIN,,,1,7.99,0.70,0.00000,0.00000,8.69,,"1 X Cast Iron Mouse, 3 Styles",Main Register,kyra@therujis.com,CLOSED,,,,closed,
2026-07-31 11:54:22,83,Sale Line,,,,1.00000,7.99000,0.69913,0.00000,0.00000,8.68913,,"Cast Iron Mouse, 3 Styles",,,,DE0391A,,,,
2026-07-31 11:54:08,83,Payment,,,,,,,,,,8.69000,Lightspeed Payments,,,,,,,,
2026-07-30 13:02:56,82,Sale,P&O design - wilson-59B5,P&O design - wilson,Wilson ,58,1690.09,147.88,724.32600,0.00000,1837.97,,"1 X Cotton Napkins w/ Stripes, 2 Colors, Set of 4 + 1 X Cotton Napkins w/ Stripes, 2 Colors, Set of 4 + 1 X Brenna Napkins + 1 X Brenna Napkins + 1 X The Wooden Egg Holder + 1 X Stoneware Garlic/Ginger Grater/Storage, White + 1 X Penguin Random House LLC - The deVOL Kitchen + 1 X Penguin Random House LLC - Half Baked Harvest Every Day + 1 X Pebbled Ice Bucket / Tongs Set + 1 X Cheese Grater with Walnut Wood Handle + 1 X Parisian Salt & Sugar Spoon Set, Beechwood + 1 X Parisian Salt & Sugar Spoon Set, Beechwood + 1 X Parisian Salt & Sugar Spoon Set, Beechwood + 1 X Bistro Glass Salt Cellar + 1 X Heirloom Mesh Strainers + 1 X The Handcrafted Wooden Spoon | Amish Made + 1 X Natural Wood Reamer + 1 X Beech Wood Dish Brush with Leather Strap + 1 X Stainless Steel Canape Knife, Brushed Pewter Finish + 1 X Pebbled Cocktail Shaker + 1 X Hinged Brass Candle Snuffer- Vintage Style | 7"" | Candles + 1 X Cast Aluminum & Stainless Steel Duck Shaped Bottle Opener + 1 X 1 oz./2 oz. Brass Double Sided Cocktail Jigger + 1 X Bistro Glass Citrus Hand Press Juicer + 1 X Floral Flower Frog Tall + 1 X Cabin Hatch Cotton Hand Towel | Handwoven in Ethiopia + 1 X Riviera Striped Cotton Hand Towel | Handwoven in Ethiopia + 1 X Riviera Striped Cotton Hand Towel | Handwoven in Ethiopia + 1 X Hand-etched Blown Oval Glass + 1 X Hand-etched Blown Oval Glass + 1 X Hand-etched Blown Oval Glass + 1 X Hand-etched Blown Oval Glass + 1 X 6 oz. Hand-Blown Twisted Stemmed Coupe Glass (Each One Will Vary) + 1 X 6 oz. Hand-Blown Twisted Stemmed Coupe Glass (Each One Will Vary) + 1 X 6 oz. Hand-Blown Twisted Stemmed Coupe Glass (Each One Will Vary) + 1 X 6 oz. Hand-Blown Twisted Stemmed Coupe Glass (Each One Will Vary) + 1 X Pressed Clear Martini Glasses - Set of 4 + 1 X Pebbled Small Glasses - Set of 4 + 1 X Pressed Clear Tall Glasses - Set of 4 + 1 X Wooden Tongs + 2 X French Flat Spatula, Fruitwood + 1 X Vegetable and Fruit Peeler + 1 X Handmade Bread Warmer & Wicker Basket - Flower + 6 X Vintage Hotel Silver 5-piece Flatware Set + 1 X Vintage Mini Whisk with Wood Handle + 1 X Penguin Random House LLC - Sunday Suppers + 1 X Wood Handle Measuring Spoons Set + 1 X Handmade Amish Black Hand Broom | Oak & Natural Straw + 1 X Wood Brush Soft Bristle + 1 X Kipps- rechargeable table lamp + 1 X The Handwoven Mail Basket + 1 X The Round Basket",Main Register,kyra@therujis.com,SAVED,,,,parked,
2026-07-30 13:02:56,82,Sale Line,,,,1.00000,18.89300,1.65314,8.09700,0.00000,20.54614,,"Cotton Napkins w/ Stripes, 2 Colors, Set of 4",,,,DF7593,,,,
2026-07-30 13:02:56,82,Sale Line,,,,1.00000,18.89300,1.65314,8.09700,0.00000,20.54614,,"Cotton Napkins w/ Stripes, 2 Colors, Set of 4",,,,DF7593,,,,
2026-07-30 13:02:56,82,Sale Line,,,,1.00000,34.99300,3.06189,14.99700,0.00000,38.05489,,Brenna Napkins,,,,N4TT07,,,,
2026-07-30 13:02:56,82,Sale Line,,,,1.00000,34.99300,3.06189,14.99700,0.00000,38.05489,,Brenna Napkins,,,,N4TT07,,,,
2026-07-30 13:02:56,82,Sale Line,,,,1.00000,27.29300,2.38814,11.69700,0.00000,29.68114,,The Wooden Egg Holder / Dozen,,,,SKU005,,,,
2026-07-30 13:02:56,82,Sale Line,,,,1.00000,6.99300,0.61189,2.99700,0.00000,7.60489,,"Stoneware Garlic/Ginger Grater/Storage, White",,,,DG0454,,,,
2026-07-30 13:02:56,82,Sale Line,,,,1.00000,31.49300,2.75564,13.49700,0.00000,34.24864,,Penguin Random House LLC - The deVOL Kitchen,,,,9780592,,,,
2026-07-30 13:02:56,82,Sale Line,,,,1.00000,20.99300,1.83689,8.99700,0.00000,22.82989,,Penguin Random House LLC - Half Baked Harvest Every Day,,,,9780591,,,,
2026-07-30 13:02:56,82,Sale Line,,,,1.00000,48.99300,4.28689,20.99700,0.00000,53.27989,,Pebbled Ice Bucket / Tongs Set,,,,BP908U,,,,
2026-07-30 13:02:56,82,Sale Line,,,,1.00000,11.19300,0.97939,4.79700,0.00000,12.17239,,Cheese Grater with Walnut Wood Handle / Coarse,,,,KTWDCoa,,,,
2026-07-30 13:02:56,82,Sale Line,,,,1.00000,9.79300,0.85689,4.19700,0.00000,10.64989,,"Parisian Salt & Sugar Spoon Set, Beechwood",,,,REY426U,,,,
2026-07-30 13:02:56,82,Sale Line,,,,1.00000,9.79300,0.85689,4.19700,0.00000,10.64989,,"Parisian Salt & Sugar Spoon Set, Beechwood",,,,REY426U,,,,
2026-07-30 13:02:56,82,Sale Line,,,,1.00000,9.79300,0.85689,4.19700,0.00000,10.64989,,"Parisian Salt & Sugar Spoon Set, Beechwood",,,,REY426U,,,,
2026-07-30 13:02:56,82,Sale Line,,,,1.00000,13.29300,1.16314,5.69700,0.00000,14.45614,,Bistro Glass Salt Cellar,,,,GMN710U,,,,
2026-07-30 13:02:56,82,Sale Line,,,,1.00000,13.29300,1.16314,5.69700,0.00000,14.45614,,Heirloom Mesh Strainers / L,,,,KTSSGDL,,,,
2026-07-30 13:02:56,82,Sale Line,,,,1.00000,27.29300,2.38814,11.69700,0.00000,29.68114,,The Handcrafted Wooden Spoon | Amish Made / Walnut / Large,,,,SKU0005,,,,
2026-07-30 13:02:56,82,Sale Line,,,,1.00000,5.59300,0.48939,2.39700,0.00000,6.08239,,Natural Wood Reamer,,,,KTWD054,,,,
2026-07-30 13:02:56,82,Sale Line,,,,1.00000,9.79300,0.85689,4.19700,0.00000,10.64989,,Beech Wood Dish Brush with Leather Strap,,,,DF3013,,,,
2026-07-30 13:02:56,82,Sale Line,,,,1.00000,6.99300,0.61189,2.99700,0.00000,7.60489,,"Stainless Steel Canape Knife, Brushed Pewter Finish",,,,DG1200,,,,
2026-07-30 13:02:56,82,Sale Line,,,,1.00000,34.99300,3.06189,14.99700,0.00000,38.05489,,Pebbled Cocktail Shaker,,,,BS901U,,,,
2026-07-30 13:02:56,82,Sale Line,,,,1.00000,11.19300,0.97939,4.79700,0.00000,12.17239,,"Hinged Brass Candle Snuffer- Vintage Style | 7"" | Candles",,,,5885,,,,
2026-07-30 13:02:56,82,Sale Line,,,,1.00000,9.79300,0.85689,4.19700,0.00000,10.64989,,Cast Aluminum & Stainless Steel Duck Shaped Bottle Opener,,,,DF9999,,,,
2026-07-30 13:02:56,82,Sale Line,,,,1.00000,12.59300,1.10189,5.39700,0.00000,13.69489,,1 oz./2 oz. Brass Double Sided Cocktail Jigger,,,,DG0222,,,,
2026-07-30 13:02:56,82,Sale Line,,,,1.00000,17.49300,1.53064,7.49700,0.00000,19.02364,,Bistro Glass Citrus Hand Press Juicer,,,,GMN101,,,,
2026-07-30 13:02:56,82,Sale Line,,,,1.00000,44.09300,3.85814,18.89700,0.00000,47.95114,,Floral Flower Frog Tall,,,,DV854T,,,,
2026-07-30 13:02:56,82,Sale Line,,,,1.00000,26.59300,2.32689,11.39700,0.00000,28.91989,,Cabin Hatch Cotton Hand Towel | Handwoven in Ethiopia / Natural with Beige,,,,SBHTCBG,,,,
2026-07-30 13:02:56,82,Sale Line,,,,1.00000,26.59300,2.32689,11.39700,0.00000,28.91989,,Riviera Striped Cotton Hand Towel | Handwoven in Ethiopia / Natural,,,,SBHTRNA,,,,
2026-07-30 13:02:56,82,Sale Line,,,,1.00000,26.59300,2.32689,11.39700,0.00000,28.91989,,Riviera Striped Cotton Hand Towel | Handwoven in Ethiopia / Natural,,,,SBHTRNA,,,,
2026-07-30 13:02:56,82,Sale Line,,,,1.00000,18.19300,1.59189,7.79700,0.00000,19.78489,,Hand-etched Blown Oval Glass,,,,G1055,,,,
2026-07-30 13:02:56,82,Sale Line,,,,1.00000,18.19300,1.59189,7.79700,0.00000,19.78489,,Hand-etched Blown Oval Glass,,,,G1055,,,,
2026-07-30 13:02:56,82,Sale Line,,,,1.00000,18.19300,1.59189,7.79700,0.00000,19.78489,,Hand-etched Blown Oval Glass,,,,G1055,,,,
2026-07-30 13:02:56,82,Sale Line,,,,1.00000,18.19300,1.59189,7.79700,0.00000,19.78489,,Hand-etched Blown Oval Glass,,,,G1055,,,,
2026-07-30 13:02:56,82,Sale Line,,,,1.00000,9.79300,0.85689,4.19700,0.00000,10.64989,,6 oz. Hand-Blown Twisted Stemmed Coupe Glass (Each One Will Vary),,,,DG1045,,,,
2026-07-30 13:02:56,82,Sale Line,,,,1.00000,9.79300,0.85689,4.19700,0.00000,10.64989,,6 oz. Hand-Blown Twisted Stemmed Coupe Glass (Each One Will Vary),,,,DG1045,,,,
2026-07-30 13:02:56,82,Sale Line,,,,1.00000,9.79300,0.85689,4.19700,0.00000,10.64989,,6 oz. Hand-Blown Twisted Stemmed Coupe Glass (Each One Will Vary),,,,DG1045,,,,
2026-07-30 13:02:56,82,Sale Line,,,,1.00000,9.79300,0.85689,4.19700,0.00000,10.64989,,6 oz. Hand-Blown Twisted Stemmed Coupe Glass (Each One Will Vary),,,,DG1045,,,,
2026-07-30 13:02:56,82,Sale Line,,,,1.00000,41.99300,3.67439,17.99700,0.00000,45.66739,,Pressed Clear Martini Glasses - Set of 4,,,,GT535E,,,,
2026-07-30 13:02:56,82,Sale Line,,,,1.00000,32.19300,2.81689,13.79700,0.00000,35.00989,,Pebbled Small Glasses - Set of 4,,,,GT514E,,,,
2026-07-30 13:02:56,82,Sale Line,,,,1.00000,51.09300,4.47064,21.89700,0.00000,55.56364,,Pressed Clear Tall Glasses - Set of 4,,,,GT538E,,,,
2026-07-30 13:02:56,82,Sale Line,,,,1.00000,7.69300,0.67314,3.29700,0.00000,8.36614,,Wooden Tongs,,,,KTWDTon,,,,
2026-07-30 13:02:56,82,Sale Line,,,,2.00000,19.58600,1.71378,8.39400,0.00000,21.29978,,"French Flat Spatula, Fruitwood",,,,REY434U,,,,
2026-07-30 13:02:56,82,Sale Line,,,,1.00000,8.39300,0.73439,3.59700,0.00000,9.12739,,Vegetable and Fruit Peeler / U,,,,KTWDU02,,,,
2026-07-30 13:02:56,82,Sale Line,,,,1.00000,44.09300,3.85814,18.89700,0.00000,47.95114,,Handmade Bread Warmer & Wicker Basket - Flower,,,,HBWN02G,,,,
2026-07-30 13:02:56,82,Sale Line,,,,6.00000,209.95800,18.37134,89.98200,0.00000,228.32934,,Vintage Hotel Silver 5-piece Flatware Set,,,,AMA100U,,,,
2026-07-30 13:02:56,82,Sale Line,,,,1.00000,5.59300,0.48939,2.39700,0.00000,6.08239,,Vintage Mini Whisk with Wood Handle / YW - L,,,,KTSSLYW,,,,
2026-07-30 13:02:56,82,Sale Line,,,,1.00000,26.59300,2.32689,11.39700,0.00000,28.91989,,Penguin Random House LLC - Sunday Suppers,,,,9780385,,,,
2026-07-30 13:02:56,82,Sale Line,,,,1.00000,9.79300,0.85689,4.19700,0.00000,10.64989,,Wood Handle Measuring Spoons Set,,,,KTWD088,,,,
2026-07-30 13:02:56,82,Sale Line,,,,1.00000,34.29300,3.00064,14.69700,0.00000,37.29364,,Handmade Amish Black Hand Broom | Oak & Natural Straw / Black,,,,SKU0001,,,,
2026-07-30 13:02:56,82,Sale Line,,,,1.00000,9.79300,0.85689,4.19700,0.00000,10.64989,,Wood Brush Soft Bristle / PP,,,,CLWDPP0,,,,
2026-07-30 13:02:56,82,Sale Line,,,,1.00000,384.99300,33.68689,164.99700,0.00000,418.67989,,Kipps- rechargeable table lamp,,,,10212,,,,
2026-07-30 13:02:56,82,Sale Line,,,,1.00000,52.49300,4.59314,22.49700,0.00000,57.08614,,The Handwoven Mail Basket,,,,SKU0006,,,,
2026-07-30 13:02:56,82,Sale Line,,,,1.00000,69.29300,6.06314,29.69700,0.00000,75.35614,,The Round Basket,,,,SKU002,,,,
2026-07-30 11:25:08,81,Sale,WALKIN,,,1,27.99,2.45,0.00000,0.00000,30.44,,"1 X Food Safe Wood Board Wax, Beeswax and Coconut Oil, Rosemary and Sage",Main Register,kyra@therujis.com,CLOSED,,,,closed,
2026-07-30 11:25:08,81,Sale Line,,,,1.00000,27.99000,2.44913,0.00000,0.00000,30.43913,,"Food Safe Wood Board Wax, Beeswax and Coconut Oil, Rosemary and Sage",,,,REY600,,,,
2026-07-30 11:24:23,81,Payment,,,,,,,,,,30.44000,Lightspeed Payments,,,,,,,,
2026-07-30 11:11:19,80,Sale,WALKIN,,,1,49.99,4.37,0.00000,0.00000,54.36,,1 X basket - FOUND,Main Register,kyra@therujis.com,CLOSED,,,,closed,
2026-07-30 11:11:19,80,Sale Line,,,,1.00000,49.99000,4.37413,0.00000,0.00000,54.36413,,basket - FOUND / 49.99,,,,10136,,,,
2026-07-30 11:10:51,80,Payment,,,,,,,,,,54.36000,Lightspeed Payments,,,,,,,,
2026-07-29 22:20:30,3,Sale,Eric-MHPT,Eric Rujiraviriyapinyo,"Order ID:1

Total Discount Amount: 0",-1,-3.99,-0.35,0.00000,0.00000,-4.34,,-1 X Friendship Notecards - Assorted Set of 20,Online register,eric@pepperandolive.com,CLOSED,,,,closed,
2026-07-29 22:20:30,3,Sale Line,,,,-1.00000,-3.99000,-0.34992,0.00000,0.00000,-4.33992,,Friendship Notecards - Assorted Set of 20,,,,PP423,,,,
2026-07-29 22:20:30,3,Payment,,,,,,,,,,-4.34000,lspayments (Online),,,,,,,,
2026-07-29 20:15:53,2,Sale,Eric-MHPT,Eric Rujiraviriyapinyo,"Order ID:1

Total Discount Amount: 0",1,3.99,0.35,0.00000,0.00000,4.34,,1 X Friendship Notecards - Assorted Set of 20,Online register,eric@pepperandolive.com,PICKED_UP_CLOSED,,,,closed,pickup
2026-07-29 20:15:53,2,Sale Line,,,,1.00000,3.99000,0.35000,0.00000,0.00000,4.34000,,Friendship Notecards - Assorted Set of 20,,,,PP423,,,,
2026-07-29 20:15:53,2,Payment,,,,,,,,,,4.34000,lspayments (Online),,,,,,,,
2026-07-29 18:03:53,79,Sale,Terri-8C27,Terri Jimenez,,2,209.98,18.37,0.00000,0.00000,228.35,,1 X Vintage Bean Pot + 1 X Chinese Water Pot with Handles,Main Register,sledesma@pepperandolive.com,CLOSED,,,,closed,
2026-07-29 18:03:53,79,Sale Line,,,,1.00000,69.99000,6.12413,0.00000,0.00000,76.11413,,Vintage Bean Pot,,,,10111,,,,
2026-07-29 18:03:53,79,Sale Line,,,,1.00000,139.99000,12.24913,0.00000,0.00000,152.23913,,Chinese Water Pot with Handles,,,,10112,,,,
2026-07-29 18:03:53,79,Payment,,,,,,,,,,228.35000,Check,,,,,,,,
2026-07-29 18:02:18,78,Sale,P&O-58WY,P&O Design - Jimenez 2025,,1,277.19,24.25,118.79700,0.00000,301.44,,1 X Senna Block Print Kantha Bed Blanket,Main Register,sledesma@pepperandolive.com,CLOSED,,,,closed,
2026-07-29 18:02:18,78,Sale Line,,,,1.00000,277.19300,24.25439,118.79700,0.00000,301.44739,,Senna Block Print Kantha Bed Blanket,,,,01-9823,,,,
2026-07-29 18:02:18,78,Payment,,,,,,,,,,301.45000,Check,,,,,,,,
2026-07-29 17:46:25,77,Sale,WALKIN,,,3,487.17,42.63,118.79700,0.00000,529.8,,1 X Vintage Bean Pot + 1 X Chinese Water Pot with Handles + 1 X Senna Block Print Kantha Bed Blanket,Main Register,sledesma@pepperandolive.com,VOIDED,,,,voided,
2026-07-29 17:46:25,77,Sale Line,,,,1.00000,69.99000,6.12413,0.00000,0.00000,76.11413,,Vintage Bean Pot,,,,10111,,,,
2026-07-29 17:46:25,77,Sale Line,,,,1.00000,139.99000,12.24913,0.00000,0.00000,152.23913,,Chinese Water Pot with Handles,,,,10112,,,,
2026-07-29 17:46:25,77,Sale Line,,,,1.00000,277.19300,24.25439,118.79700,0.00000,301.44739,,Senna Block Print Kantha Bed Blanket,,,,01-9823,,,,
2026-07-29 17:46:25,77,Payment,,,,,,,,,,529.80000,Check,,,,,,,,
2026-07-28 11:48:47,76,Sale,WALKIN,,,1,5.59,0.49,0.00000,0.00000,6.08,,1 X Friendship Notecards - Assorted Set of 20 + 1 X Friendship Notecards - Assorted Set of 20 + -1 X Discount,Main Register,sledesma@pepperandolive.com,CLOSED,,,,closed,
2026-07-28 11:48:47,76,Sale Line,,,,1.00000,3.99000,0.34913,0.00000,0.00000,4.33913,,Friendship Notecards - Assorted Set of 20,,,,PP423,,,,
2026-07-28 11:48:47,76,Sale Line,,,,1.00000,3.99000,0.34913,0.00000,0.00000,4.33913,,Friendship Notecards - Assorted Set of 20,,,,PP423,,,,
2026-07-28 11:48:47,76,Sale Line,,,,-1.00000,-2.39400,-0.20948,0.00000,0.00000,-2.60348,,Discount,,,,vend-discount,,,,
2026-07-28 11:48:35,76,Payment,,,,,,,,,,6.07000,Lightspeed Payments,,,,,,,,
2026-07-28 11:11:47,67,Sale,P&O Design - Sage Oak-3577,Sage Oak MPR,Sage Oak Design Sales,10,479.43,41.95,205.47000,0.00000,521.38,,1 X Vintage Bean Pot + 1 X Megan Pot + 1 X Megan Pot + 1 X Penguin Random House LLC - Call It Home + 1 X Abrams - The Essentials + 1 X Abrams - Rose Tarlow: Three Houses + 1 X Maisie Mini Lamp + 1 X CUSTOM PILLOWS + 1 X CUSTOM PILLOWS + 1 X CUSTOM PILLOWS,Main Register,eric@pepperandolive.com,CLOSED,,,,closed,
2026-07-28 11:11:47,67,Sale Line,,,,1.00000,48.99300,4.28689,20.99700,0.00000,53.27989,,Vintage Bean Pot,,,,10111,,,,
2026-07-28 11:11:47,67,Sale Line,,,,1.00000,27.99300,2.44939,11.99700,0.00000,30.44239,,Megan Pot / large,,,,N5NG46B,,,,
2026-07-28 11:11:47,67,Sale Line,,,,1.00000,20.99300,1.83689,8.99700,0.00000,22.82989,,Megan Pot / small,,,,10076,,,,
2026-07-28 11:11:47,67,Sale Line,,,,1.00000,27.99300,2.44939,11.99700,0.00000,30.44239,,Penguin Random House LLC - Call It Home,,,,9780593,,,,
2026-07-28 11:11:47,67,Sale Line,,,,1.00000,31.49300,2.75564,13.49700,0.00000,34.24864,,Abrams - The Essentials,,,,9781412,,,,
2026-07-28 11:11:47,67,Sale Line,,,,1.00000,66.49300,5.81814,28.49700,0.00000,72.31114,,Abrams - Rose Tarlow: Three Houses,,,,9780865,,,,
2026-07-28 11:11:47,67,Sale Line,,,,1.00000,97.99300,8.57439,41.99700,0.00000,106.56739,,Maisie Mini Lamp,,,,NYN228,,,,
2026-07-28 11:11:47,67,Sale Line,,,,1.00000,45.49300,3.98064,19.49700,0.00000,49.47364,,CUSTOM PILLOWS / 64.99,,,,10079,,,,
2026-07-28 11:11:47,67,Sale Line,,,,1.00000,55.99300,4.89939,23.99700,0.00000,60.89239,,CUSTOM PILLOWS / 79.99,,,,10082,,,,
2026-07-28 11:11:47,67,Sale Line,,,,1.00000,55.99300,4.89939,23.99700,0.00000,60.89239,,CUSTOM PILLOWS / 79.99,,,,10082,,,,
2026-07-28 11:11:47,67,Payment,,,,,,,,,,521.38000,Check,,,,,,,,
2026-07-27 13:36:09,75,Sale,WALKIN,,,3,67.97,5.95,0.00000,0.00000,73.92,,"1 X Parisian Salt & Sugar Spoon Set, Beechwood + 1 X Wood and Stainless Steel Cheese Grater + 1 X Bistro Glass Citrus Hand Press Juicer",Main Register,kyra@therujis.com,CLOSED,,,,closed,
2026-07-27 13:36:09,75,Sale Line,,,,1.00000,13.99000,1.22413,0.00000,0.00000,15.21413,,"Parisian Salt & Sugar Spoon Set, Beechwood",,,,REY426U,,,,
2026-07-27 13:36:09,75,Sale Line,,,,1.00000,28.99000,2.53663,0.00000,0.00000,31.52663,,Wood and Stainless Steel Cheese Grater,,,,AH0504,,,,
2026-07-27 13:36:09,75,Sale Line,,,,1.00000,24.99000,2.18663,0.00000,0.00000,27.17663,,Bistro Glass Citrus Hand Press Juicer,,,,GMN101,,,,
2026-07-27 13:35:54,75,Payment,,,,,,,,,,73.92000,Lightspeed Payments,,,,,,,,
2026-07-25 15:20:15,74,Sale,WALKIN,,,1,39.99,3.50,0.00000,0.00000,43.49,,1 X Carved Marble Flower Shaped Dish,Main Register,kyra@therujis.com,CLOSED,,,,closed,
2026-07-25 15:20:15,74,Sale Line,,,,1.00000,39.99000,3.49913,0.00000,0.00000,43.48913,,Carved Marble Flower Shaped Dish,,,,DF2368,,,,
2026-07-25 15:20:01,74,Payment,,,,,,,,,,43.49000,Lightspeed Payments,,,,,,,,
2026-07-25 10:14:39,73,Sale,WALKIN,,,1,14.99,1.31,0.00000,0.00000,16.3,,1 X 10” Natural Beeswax Hand-Dipped Taper Candles (Pair),Main Register,kyra@therujis.com,CLOSED,,,,closed,
2026-07-25 10:14:39,73,Sale Line,,,,1.00000,14.99000,1.31163,0.00000,0.00000,16.30163,,10” Natural Beeswax Hand-Dipped Taper Candles (Pair),,,,1234567,,,,
2026-07-25 10:14:25,73,Payment,,,,,,,,,,16.30000,Lightspeed Payments,,,,,,,,
2026-07-24 14:52:19,72,Sale,WALKIN,,,2,64.98,5.69,0.00000,0.00000,70.67,,1 X Megan Pot + 1 X The Spoon Rest | Stoneware Pottery,Main Register,kyra@therujis.com,CLOSED,,,,closed,
2026-07-24 14:52:19,72,Sale Line,,,,1.00000,29.99000,2.62413,0.00000,0.00000,32.61413,,Megan Pot / small,,,,10076,,,,
2026-07-24 14:52:19,72,Sale Line,,,,1.00000,34.99000,3.06163,0.00000,0.00000,38.05163,,The Spoon Rest | Stoneware Pottery,,,,SKU004,,,,
2026-07-24 14:52:11,72,Payment,,,,,,,,,,70.67000,Lightspeed Payments,,,,,,,,
2026-07-24 13:25:36,71,Sale,WALKIN,,,1,84.99,7.44,0.00000,0.00000,92.43,,"1 X Cummin Pot, Small",Main Register,kyra@therujis.com,CLOSED,,,,closed,
2026-07-24 13:25:36,71,Sale Line,,,,1.00000,84.99000,7.43663,0.00000,0.00000,92.42663,,"Cummin Pot, Small",,,,10113,,,,
2026-07-24 13:25:28,71,Payment,,,,,,,,,,92.43000,Lightspeed Payments,,,,,,,,
2026-07-24 10:44:20,70,Sale,WALKIN,,,3,87.97,7.70,0.00000,0.00000,95.67,,"1 X Stoneware Bowls with Reactive Glaze, Set of 4 + 1 X Bistro Glass Citrus Hand Press Juicer + 1 X Onyx Soap Dish",Main Register,kyra@therujis.com,CLOSED,,,,closed,
2026-07-24 10:44:20,70,Sale Line,,,,1.00000,22.99000,2.01163,0.00000,0.00000,25.00163,,"Stoneware Bowls with Reactive Glaze, Set of 4",,,,DF4964,,,,
2026-07-24 10:44:20,70,Sale Line,,,,1.00000,24.99000,2.18663,0.00000,0.00000,27.17663,,Bistro Glass Citrus Hand Press Juicer,,,,GMN101,,,,
2026-07-24 10:44:20,70,Sale Line,,,,1.00000,39.99000,3.49913,0.00000,0.00000,43.48913,,Onyx Soap Dish,,,,M1039,,,,
2026-07-24 10:44:06,70,Payment,,,,,,,,,,95.67000,Lightspeed Payments,,,,,,,,
2026-07-23 15:45:42,69,Sale,WALKIN,,,6,59.94,5.24,0.00000,0.00000,65.18,,6 X Hobnail Drinking Glass,Main Register,kyra@therujis.com,CLOSED,,,,closed,
2026-07-23 15:45:42,69,Sale Line,,,,6.00000,59.94000,5.24478,0.00000,0.00000,65.18478,,Hobnail Drinking Glass,,,,DF2475,,,,
2026-07-23 15:45:19,69,Payment,,,,,,,,,,65.18000,Cash,,,,,,,,
2026-07-23 12:26:53,68,Sale,WALKIN,,,3,66.97,5.86,0.00000,0.00000,72.83,,1 X California Candle · Amber Jar 8oz + 1 X Pacific Ocean · California Candle · Amber Jar 8oz + 1 X Flameless Rechargeable Candle Lighter - Gold,Main Register,kyra@therujis.com,CLOSED,,,,closed,
2026-07-23 12:26:53,68,Sale Line,,,,1.00000,24.99000,2.18663,0.00000,0.00000,27.17663,,California Candle · Amber Jar 8oz,,,,10041,,,,
2026-07-23 12:26:53,68,Sale Line,,,,1.00000,24.99000,2.18663,0.00000,0.00000,27.17663,,Pacific Ocean · California Candle · Amber Jar 8oz,,,,10042,,,,
2026-07-23 12:26:53,68,Sale Line,,,,1.00000,16.99000,1.48663,0.00000,0.00000,18.47663,,Flameless Rechargeable Candle Lighter - Gold,,,,10043,,,,
2026-07-23 12:26:41,68,Payment,,,,,,,,,,72.83000,Lightspeed Payments,,,,,,,,
2026-07-20 16:00:08,66,Sale,WALKIN,,,1,49.99,4.37,0.00000,0.00000,54.36,,1 X Big Sur 3-Wick Luxe Candle,Main Register,sierra@pepperandolive.com,CLOSED,,,,closed,
2026-07-20 16:00:08,66,Sale Line,,,,1.00000,49.99000,4.37413,0.00000,0.00000,54.36413,,Big Sur 3-Wick Luxe Candle,,,,CA3WBIG,,,,
2026-07-20 15:59:37,66,Payment,,,,,,,,,,54.36000,Lightspeed Payments,,,,,,,,
2026-07-19 12:44:12,65,Sale,WALKIN,,,4,76.96,6.73,0.00000,0.00000,83.69,,1 X Vegetable and Fruit Peeler + 1 X Long Handle Cheese Grater + 1 X Zen Room Spray | 6 oz + 1 X Penguin Random House LLC - Half Baked Harvest Every Day,Main Register,kyra@therujis.com,CLOSED,,,,closed,
2026-07-19 12:44:12,65,Sale Line,,,,1.00000,11.99000,1.04913,0.00000,0.00000,13.03913,,Vegetable and Fruit Peeler / U,,,,KTWDU02,,,,
2026-07-19 12:44:12,65,Sale Line,,,,1.00000,14.99000,1.31163,0.00000,0.00000,16.30163,,Long Handle Cheese Grater / Thin,,,,KTWDFin,,,,
2026-07-19 12:44:12,65,Sale Line,,,,1.00000,19.99000,1.74913,0.00000,0.00000,21.73913,,Zen Room Spray | 6 oz,,,,SRS24AB,,,,
2026-07-19 12:44:12,65,Sale Line,,,,1.00000,29.99000,2.62413,0.00000,0.00000,32.61413,,Penguin Random House LLC - Half Baked Harvest Every Day,,,,9780591,,,,
2026-07-19 12:43:55,65,Payment,,,,,,,,,,83.69000,Lightspeed Payments,,,,,,,,
2026-07-18 13:59:59,64,Sale,WALKIN,,,2,239.98,21.00,0.00000,0.00000,260.98,,1 X The Hanging Basket + 1 X The Hanging Basket,Main Register,kyra@therujis.com,CLOSED,,,,closed,
2026-07-18 13:59:59,64,Sale Line,,,,1.00000,119.99000,10.49913,0.00000,0.00000,130.48913,,The Hanging Basket,,,,SKU0007,,,,
2026-07-18 13:59:59,64,Sale Line,,,,1.00000,119.99000,10.49913,0.00000,0.00000,130.48913,,The Hanging Basket,,,,SKU0007,,,,
2026-07-18 13:59:43,64,Payment,,,,,,,,,,260.98000,Lightspeed Payments,,,,,,,,
2026-07-17 15:55:02,63,Sale,WALKIN,,,3,229.97,20.12,0.00000,0.00000,250.09,,1 X Stoneware Berry Bowl with Glaze + 1 X botanical -FOUND + 1 X botanical -FOUND,Main Register,kyra@therujis.com,CLOSED,,,,closed,
2026-07-17 15:55:02,63,Sale Line,,,,1.00000,19.99000,1.74913,0.00000,0.00000,21.73913,,Stoneware Berry Bowl with Glaze,,,,DF4312,,,,
2026-07-17 15:55:02,63,Sale Line,,,,1.00000,119.99000,10.49913,0.00000,0.00000,130.48913,,botanical -FOUND / 119.99,,,,10133,,,,
2026-07-17 15:55:02,63,Sale Line,,,,1.00000,89.99000,7.87413,0.00000,0.00000,97.86413,,botanical -FOUND / 89.99,,,,10132,,,,
2026-07-17 15:54:51,63,Payment,,,,,,,,,,250.09000,Lightspeed Payments,,,,,,,,
2026-07-17 13:21:18,62,Sale,WALKIN,,,1,26.99,2.36,0.00000,0.00000,29.35,,1 X Forge Brass Spoon Rests Assorted,Main Register,kyra@therujis.com,CLOSED,,,,closed,
2026-07-17 13:21:18,62,Sale Line,,,,1.00000,26.99000,2.36163,0.00000,0.00000,29.35163,,Forge Brass Spoon Rests Assorted / large,,,,KT670E,,,,
2026-07-17 13:21:07,62,Payment,,,,,,,,,,29.35000,Lightspeed Payments,,,,,,,,
2026-07-15 14:13:23,61,Sale,WALKIN,,,10,39.90,3.49,0.00000,0.00000,43.39,,10 X 1st Edition Notecards,Main Register,kyra@therujis.com,CLOSED,,,,closed,
2026-07-15 14:13:23,61,Sale Line,,,,10.00000,39.90000,3.49130,0.00000,0.00000,43.39130,,1st Edition Notecards,,,,PP482,,,,
2026-07-15 14:13:15,61,Payment,,,,,,,,,,43.39000,Lightspeed Payments,,,,,,,,
2026-07-15 12:41:25,60,Sale,WALKIN,,,1,44.99,3.94,0.00000,0.00000,48.93,,1 X Penguin Random House LLC - The deVOL Kitchen,Main Register,kyra@therujis.com,CLOSED,,,,closed,
2026-07-15 12:41:25,60,Sale Line,,,,1.00000,44.99000,3.93663,0.00000,0.00000,48.92663,,Penguin Random House LLC - The deVOL Kitchen,,,,9780592,,,,
2026-07-15 12:41:11,60,Payment,,,,,,,,,,48.93000,Lightspeed Payments,,,,,,,,
2026-07-14 13:00:03,59,Sale,WALKIN,,,0,20.99,1.84,0.00000,0.00000,22.83,,1 X Monarch Butterfly Vintage Style Illustration Framed Print + -1 X Discount,Main Register,kyra@therujis.com,CLOSED,,,,closed,
2026-07-14 13:00:03,59,Sale Line,,,,1.00000,29.99000,2.62413,0.00000,0.00000,32.61413,,Monarch Butterfly Vintage Style Illustration Framed Print,,,,11225Y1,,,,
2026-07-14 13:00:03,59,Sale Line,,,,-1.00000,-8.99700,-0.78724,0.00000,0.00000,-9.78424,,Discount,,,,vend-discount,,,,
2026-07-14 12:59:54,59,Payment,,,,,,,,,,22.83000,Lightspeed Payments,,,,,,,,
2026-07-14 11:33:21,58,Sale,WALKIN,,,3,60.97,5.33,0.00000,0.00000,66.3,,"1 X Cotton Napkins w/ Stripes, 2 Colors, Set of 4 + 1 X Beech Wood Dish Brush with Leather Strap + 1 X all natural dish soap-citrus bliss",Main Register,kyra@therujis.com,CLOSED,,,,closed,
2026-07-14 11:33:21,58,Sale Line,,,,1.00000,26.99000,2.36163,0.00000,0.00000,29.35163,,"Cotton Napkins w/ Stripes, 2 Colors, Set of 4",,,,DF7593,,,,
2026-07-14 11:33:21,58,Sale Line,,,,1.00000,13.99000,1.22413,0.00000,0.00000,15.21413,,Beech Wood Dish Brush with Leather Strap,,,,DF3013,,,,
2026-07-14 11:33:21,58,Sale Line,,,,1.00000,19.99000,1.74913,0.00000,0.00000,21.73913,,all natural dish soap-citrus bliss,,,,10183,,,,
2026-07-14 11:33:07,58,Payment,,,,,,,,,,66.30000,Lightspeed Payments,,,,,,,,
2026-07-14 10:16:10,57,Sale,WALKIN,,,1,15.99,1.40,0.00000,0.00000,17.39,,"1 X Hinged Brass Candle Snuffer- Vintage Style | 7"" | Candles",Main Register,sledesma@pepperandolive.com,SAVED,,,,parked,
2026-07-14 10:16:10,57,Sale Line,,,,1.00000,15.99000,1.39913,0.00000,0.00000,17.38913,,"Hinged Brass Candle Snuffer- Vintage Style | 7"" | Candles",,,,5885,,,,
2026-07-13 17:55:58,56,Sale,WALKIN,,,1,259.99,22.75,0.00000,0.00000,282.74,,1 X Trulli lampshade,Main Register,kyra@therujis.com,CLOSED,,,,closed,
2026-07-13 17:55:58,56,Sale Line,,,,1.00000,259.99000,22.74913,0.00000,0.00000,282.73913,,Trulli lampshade,,,,10210,,,,
2026-07-13 17:54:57,56,Payment,,,,,,,,,,282.74000,Lightspeed Payments,,,,,,,,
2026-07-13 17:21:19,55,Sale,WALKIN,,,4,15.96,1.40,0.00000,0.00000,17.36,,1 X 1st Edition Notecards + 1 X 1st Edition Notecards + 1 X 1st Edition Notecards + 1 X 1st Edition Notecards,Main Register,kyra@therujis.com,CLOSED,,,,closed,
2026-07-13 17:21:19,55,Sale Line,,,,1.00000,3.99000,0.34913,0.00000,0.00000,4.33913,,1st Edition Notecards,,,,PP482,,,,
2026-07-13 17:21:19,55,Sale Line,,,,1.00000,3.99000,0.34913,0.00000,0.00000,4.33913,,1st Edition Notecards,,,,PP482,,,,
2026-07-13 17:21:19,55,Sale Line,,,,1.00000,3.99000,0.34913,0.00000,0.00000,4.33913,,1st Edition Notecards,,,,PP482,,,,
2026-07-13 17:21:19,55,Sale Line,,,,1.00000,3.99000,0.34913,0.00000,0.00000,4.33913,,1st Edition Notecards,,,,PP482,,,,
2026-07-13 17:21:02,55,Payment,,,,,,,,,,20.36000,Cash,,,,,,,,
2026-07-13 17:21:19,55,Payment,,,,,,,,,,-3.00000,Cash,,,,,,,,
2026-07-13 17:15:06,54,Sale,WALKIN,,,2,84.98,7.44,0.00000,0.00000,92.42,,1 X White Stone Candles + 1 X Glass Candle Cloche with Marble Base,Main Register,kyra@therujis.com,CLOSED,,,,closed,
2026-07-13 17:15:06,54,Sale Line,,,,1.00000,24.99000,2.18663,0.00000,0.00000,27.17663,,White Stone Candles / Grapefruit and Fig,,,,10198,,,,
2026-07-13 17:15:06,54,Sale Line,,,,1.00000,59.99000,5.24913,0.00000,0.00000,65.23913,,Glass Candle Cloche with Marble Base,,,,OBRD04,,,,
2026-07-13 17:15:01,54,Payment,,,,,,,,,,92.42000,Lightspeed Payments,,,,,,,,
2026-07-13 17:12:48,53,Sale,WALKIN,,,2,84.98,7.44,0.00000,0.00000,92.42,,1 X White Stone Candles + 1 X Glass Candle Cloche with Marble Base,Main Register,kyra@therujis.com,CLOSED,,,,closed,
2026-07-13 17:12:48,53,Sale Line,,,,1.00000,24.99000,2.18663,0.00000,0.00000,27.17663,,White Stone Candles / Grapefruit and Fig,,,,10198,,,,
2026-07-13 17:12:48,53,Sale Line,,,,1.00000,59.99000,5.24913,0.00000,0.00000,65.23913,,Glass Candle Cloche with Marble Base,,,,OBRD04,,,,
2026-07-13 17:12:41,53,Payment,,,,,,,,,,92.42000,Lightspeed Payments,,,,,,,,
2026-07-13 12:53:03,52,Sale,WALKIN,,The found is the trulli lampshade ,9,677.91,59.32,-259.99000,0.00000,737.23,,1 X Glazed Handled Pot Table Lamp + 4 X Ruffled Edge Ceramic Pinch Bowls + 1 X Big Sur · 2oz Travel Room Spray + 1 X Vintage Mini Whisk with Wood Handle + 1 X The Spoon Rest | Stoneware Pottery + 1 X FOUND,Main Register,kyra@therujis.com,CLOSED,,,,closed,
2026-07-13 12:53:03,52,Sale Line,,,,1.00000,329.99000,28.87413,0.00000,0.00000,358.86413,,Glazed Handled Pot Table Lamp,,,,10109,,,,
2026-07-13 12:53:03,52,Sale Line,,,,4.00000,31.96000,2.79652,0.00000,0.00000,34.75652,,Ruffled Edge Ceramic Pinch Bowls / White,,,,DWBLWH0,,,,
2026-07-13 12:53:03,52,Sale Line,,,,1.00000,12.99000,1.13663,0.00000,0.00000,14.12663,,Big Sur · 2oz Travel Room Spray,,,,10046,,,,
2026-07-13 12:53:03,52,Sale Line,,,,1.00000,7.99000,0.69913,0.00000,0.00000,8.68913,,Vintage Mini Whisk with Wood Handle / YW - L,,,,KTSSLYW,,,,
2026-07-13 12:53:03,52,Sale Line,,,,1.00000,34.99000,3.06163,0.00000,0.00000,38.05163,,The Spoon Rest | Stoneware Pottery,,,,SKU004,,,,
2026-07-13 12:53:03,52,Sale Line,,,,1.00000,259.99000,22.74913,-259.99000,0.00000,282.73913,,FOUND,,,,10051,,,,
2026-07-13 12:52:41,52,Payment,,,,,,,,,,737.23000,Lightspeed Payments,,,,,,,,
2026-07-13 12:36:50,51,Sale,WALKIN,,,4,131.96,11.55,0.00000,0.00000,143.51,,"1 X Cummin Pot, Small + 1 X Beech Wood Dish Brush with Leather Strap + 1 X Vintage Wooden Dishwashing Brush + 1 X Stoneware Berry Bowl with Glaze",Main Register,kyra@therujis.com,CLOSED,,,,closed,
2026-07-13 12:36:50,51,Sale Line,,,,1.00000,84.99000,7.43663,0.00000,0.00000,92.42663,,"Cummin Pot, Small",,,,10113,,,,
2026-07-13 12:36:50,51,Sale Line,,,,1.00000,13.99000,1.22413,0.00000,0.00000,15.21413,,Beech Wood Dish Brush with Leather Strap,,,,DF3013,,,,
2026-07-13 12:36:50,51,Sale Line,,,,1.00000,12.99000,1.13663,0.00000,0.00000,14.12663,,Vintage Wooden Dishwashing Brush / Sisal,,,,CLBRWDS,,,,
2026-07-13 12:36:50,51,Sale Line,,,,1.00000,19.99000,1.74913,0.00000,0.00000,21.73913,,Stoneware Berry Bowl with Glaze,,,,DF4312,,,,
2026-07-13 12:36:42,51,Payment,,,,,,,,,,143.51000,Lightspeed Payments,,,,,,,,
2026-07-13 12:16:52,49,Sale,WALKIN,,,9,783.92,68.59,-398.00000,0.00000,852.51,,"1 X CUSTOM PILLOWS + 1 X Indian Picking Basket, CPMin=5 + 1 X Beech Wood Dish Brush with Leather Strap + 1 X Aden Cotton Hand Towel | Handwoven in Ethiopia + 1 X Handmade Amish Black Hand Broom | Oak & Natural Straw + 1 X The Farmhouse Dustpan + 1 X Indian Picking Basket, CPMin=5 + 1 X FOUND + 1 X Leather Flyswatter | American Made Summer Essential",Main Register,kyra@therujis.com,CLOSED,,,,closed,
2026-07-13 12:16:52,49,Sale Line,,,,1.00000,109.99000,9.62413,0.00000,0.00000,119.61413,,CUSTOM PILLOWS / 109.99,,,,10088,,,,
2026-07-13 12:16:52,49,Sale Line,,,,1.00000,49.99000,4.37413,0.00000,0.00000,54.36413,,"Indian Picking Basket, CPMin=5",,,,10117,,,,
2026-07-13 12:16:52,49,Sale Line,,,,1.00000,13.99000,1.22413,0.00000,0.00000,15.21413,,Beech Wood Dish Brush with Leather Strap,,,,DF3013,,,,
2026-07-13 12:16:52,49,Sale Line,,,,1.00000,37.99000,3.32413,0.00000,0.00000,41.31413,,Aden Cotton Hand Towel | Handwoven in Ethiopia / Beige with natural,,,,SBHTSBG,,,,
2026-07-13 12:16:52,49,Sale Line,,,,1.00000,48.99000,4.28663,0.00000,0.00000,53.27663,,Handmade Amish Black Hand Broom | Oak & Natural Straw / Black,,,,SKU0001,,,,
2026-07-13 12:16:52,49,Sale Line,,,,1.00000,39.99000,3.49913,0.00000,0.00000,43.48913,,The Farmhouse Dustpan,,,,SKU0003,,,,
2026-07-13 12:16:52,49,Sale Line,,,,1.00000,49.99000,4.37413,0.00000,0.00000,54.36413,,"Indian Picking Basket, CPMin=5",,,,10117,,,,
2026-07-13 12:16:52,49,Sale Line,,,,1.00000,398.00000,34.82500,-398.00000,0.00000,432.82500,,FOUND,,,,10051,,,,
2026-07-13 12:16:52,49,Sale Line,,,,1.00000,34.99000,3.06163,0.00000,0.00000,38.05163,,Leather Flyswatter | American Made Summer Essential / Camel,,,,SQ29665,,,,
2026-07-13 12:16:47,49,Payment,,,,,,,,,,852.51000,Lightspeed Payments,,,,,,,,
2026-07-13 12:12:18,50,Sale,WALKIN,,,2,37.98,3.32,0.00000,0.00000,41.3,,"1 X Woven Cotton Slub Tea Towel with Stripes, 3 Styles + 1 X California Candle · Amber Jar 8oz",Main Register,kyra@therujis.com,CLOSED,,,,closed,
2026-07-13 12:12:18,50,Sale Line,,,,1.00000,12.99000,1.13663,0.00000,0.00000,14.12663,,"Woven Cotton Slub Tea Towel with Stripes, 3 Styles",,,,DG1572A,,,,
2026-07-13 12:12:18,50,Sale Line,,,,1.00000,24.99000,2.18663,0.00000,0.00000,27.17663,,California Candle · Amber Jar 8oz,,,,10041,,,,
2026-07-13 12:12:12,50,Payment,,,,,,,,,,41.30000,Lightspeed Payments,,,,,,,,
2026-07-13 12:09:29,48,Sale,WALKIN,,Shannon,8,526.92,46.11,0.00000,0.00000,573.03,,"1 X CUSTOM PILLOWS + 1 X CUSTOM PILLOWS + 1 X Riviera Striped Cotton Hand Towel | Handwoven in Ethiopia + 1 X Aden Cotton Hand Towel | Handwoven in Ethiopia + 1 X Stoneware Bowls with Reactive Glaze, Set of 4 + 1 X Leather Flyswatter | American Made Summer Essential + 1 X all natural dish soap-citrus bliss + 1 X Vintage Wooden Dishwashing Brush",Main Register,kyra@therujis.com,CLOSED,,,,closed,
2026-07-13 12:09:29,48,Sale Line,,,,1.00000,179.99000,15.74913,0.00000,0.00000,195.73913,,CUSTOM PILLOWS / 179.99,,,,10107,,,,
2026-07-13 12:09:29,48,Sale Line,,,,1.00000,179.99000,15.74913,0.00000,0.00000,195.73913,,CUSTOM PILLOWS / 179.99,,,,10107,,,,
2026-07-13 12:09:29,48,Sale Line,,,,1.00000,37.99000,3.32413,0.00000,0.00000,41.31413,,Riviera Striped Cotton Hand Towel | Handwoven in Ethiopia / Natural with Navy,,,,SBHTRNV,,,,
2026-07-13 12:09:29,48,Sale Line,,,,1.00000,37.99000,3.32413,0.00000,0.00000,41.31413,,Aden Cotton Hand Towel | Handwoven in Ethiopia / Natural with Gray,,,,SBHTSNA,,,,
2026-07-13 12:09:29,48,Sale Line,,,,1.00000,22.99000,2.01163,0.00000,0.00000,25.00163,,"Stoneware Bowls with Reactive Glaze, Set of 4",,,,DF4964,,,,
2026-07-13 12:09:29,48,Sale Line,,,,1.00000,34.99000,3.06163,0.00000,0.00000,38.05163,,Leather Flyswatter | American Made Summer Essential / Tobacco,,,,SKU0002,,,,
2026-07-13 12:09:29,48,Sale Line,,,,1.00000,19.99000,1.74913,0.00000,0.00000,21.73913,,all natural dish soap-citrus bliss,,,,10183,,,,
2026-07-13 12:09:29,48,Sale Line,,,,1.00000,12.99000,1.13663,0.00000,0.00000,14.12663,,Vintage Wooden Dishwashing Brush / Sisal,,,,CLBRWDS,,,,
2026-07-13 12:09:15,48,Payment,,,,,,,,,,573.03000,Lightspeed Payments,,,,,,,,
2026-07-12 11:21:14,47,Sale,WALKIN,,,0,0.00,0.00,0.00000,0.00000,0,,"1 X Stainless Steel Blade & Faux Leather Tie, Natural + -1 X Discount",Main Register,kyra@therujis.com,CLOSED,,,,closed,
2026-07-12 11:21:14,47,Sale Line,,,,1.00000,21.99000,1.92413,0.00000,0.00000,23.91413,,"Stainless Steel Blade & Faux Leather Tie, Natural",,,,DG1219,,,,
2026-07-12 11:21:14,47,Sale Line,,,,-1.00000,-21.99000,-1.92413,0.00000,0.00000,-23.91413,,Discount,,,,vend-discount,,,,
2026-07-12 11:18:15,46,Sale,WALKIN,,,1,0.00,0.00,0.00000,0.00000,0,,1 X Match - Rare Snakes + 1 X Flameless Rechargeable Candle Lighter - Gold + -1 X Discount,Main Register,kyra@therujis.com,CLOSED,,,,closed,
2026-07-12 11:18:15,46,Sale Line,,,,1.00000,4.59000,0.40163,0.00000,0.00000,4.99163,,Match - Rare Snakes,,,,0901562,,,,
2026-07-12 11:18:15,46,Sale Line,,,,1.00000,16.99000,1.48663,0.00000,0.00000,18.47663,,Flameless Rechargeable Candle Lighter - Gold,,,,10043,,,,
2026-07-12 11:18:15,46,Sale Line,,,,-1.00000,-21.58000,-1.88825,0.00000,0.00000,-23.46825,,Discount,,,,vend-discount,,,,
2026-07-11 18:55:53,45,Sale,WALKIN,,,9,136.43,11.94,0.00000,0.00000,148.37,,"1 X Stoneware Berry Bowl with Glaze + 1 X Wood and Stainless Steel Cheese Grater + 1 X Handmade Bread Warmer & Wicker Basket - Flower + 1 X Food Safe Wood Board Wax, Beeswax and Coconut Oil, Rosemary and Sage + 1 X Leather Flyswatter | American Made Summer Essential + 5 X 1st Edition Notecards + -1 X Discount",Main Register,kyra@therujis.com,CLOSED,,,,closed,
2026-07-11 18:55:53,45,Sale Line,,,,1.00000,19.99000,1.74913,0.00000,0.00000,21.73913,,Stoneware Berry Bowl with Glaze,,,,DF4312,,,,
2026-07-11 18:55:53,45,Sale Line,,,,1.00000,28.99000,2.53663,0.00000,0.00000,31.52663,,Wood and Stainless Steel Cheese Grater,,,,AH0504,,,,
2026-07-11 18:55:53,45,Sale Line,,,,1.00000,62.99000,5.51163,0.00000,0.00000,68.50163,,Handmade Bread Warmer & Wicker Basket - Flower,,,,HBWN02G,,,,
2026-07-11 18:55:53,45,Sale Line,,,,1.00000,27.99000,2.44913,0.00000,0.00000,30.43913,,"Food Safe Wood Board Wax, Beeswax and Coconut Oil, Rosemary and Sage",,,,REY600,,,,
2026-07-11 18:55:53,45,Sale Line,,,,1.00000,34.99000,3.06163,0.00000,0.00000,38.05163,,Leather Flyswatter | American Made Summer Essential / Tobacco,,,,SKU0002,,,,
2026-07-11 18:55:53,45,Sale Line,,,,5.00000,19.95000,1.74565,0.00000,0.00000,21.69565,,1st Edition Notecards,,,,PP482,,,,
2026-07-11 18:55:53,45,Sale Line,,,,-1.00000,-58.47000,-5.11613,0.00000,0.00000,-63.58613,,Discount,,,,vend-discount,,,,
2026-07-11 18:55:31,45,Payment,,,,,,,,,,148.37000,Lightspeed Payments,,,,,,,,
2026-07-11 18:33:53,44,Sale,WALKIN,,,1,19.99,1.75,0.00000,0.00000,21.74,,1 X Quiet Mind Room Spray | 6 oz,Main Register,kyra@therujis.com,CLOSED,,,,closed,
2026-07-11 18:33:53,44,Sale Line,,,,1.00000,19.99000,1.74913,0.00000,0.00000,21.73913,,Quiet Mind Room Spray | 6 oz,,,,SRS18AB,,,,
2026-07-11 18:33:33,44,Payment,,,,,,,,,,22.00000,Cash,,,,,,,,
2026-07-11 18:33:53,44,Payment,,,,,,,,,,-0.26000,Cash,,,,,,,,
2026-07-11 18:20:03,43,Sale,WALKIN,,,3,34.17,2.99,0.00000,0.00000,37.16,,1 X Match - Darling Paper Rose + 1 X Match - Rare Snakes + 1 X Palo Santo · Palo Santo & Cardamom Forest Candle · Amber Jar,Main Register,kyra@therujis.com,CLOSED,,,,closed,
2026-07-11 18:20:03,43,Sale Line,,,,1.00000,4.59000,0.40163,0.00000,0.00000,4.99163,,Match - Darling Paper Rose,,,,0901567,,,,
2026-07-11 18:20:03,43,Sale Line,,,,1.00000,4.59000,0.40163,0.00000,0.00000,4.99163,,Match - Rare Snakes,,,,0901562,,,,
2026-07-11 18:20:03,43,Sale Line,,,,1.00000,24.99000,2.18663,0.00000,0.00000,27.17663,,Palo Santo · Palo Santo & Cardamom Forest Candle · Amber Jar,,,,SCS17AJ,,,,
2026-07-11 18:19:50,43,Payment,,,,,,,,,,100.00000,Cash,,,,,,,,
2026-07-11 18:20:03,43,Payment,,,,,,,,,,-62.84000,Cash,,,,,,,,
2026-07-11 18:07:54,42,Sale,WALKIN,,,1,7.99,0.70,0.00000,0.00000,8.69,,"1 X Cast Iron Mouse, 3 Styles",Main Register,kyra@therujis.com,CLOSED,,,,closed,
2026-07-11 18:07:54,42,Sale Line,,,,1.00000,7.99000,0.69913,0.00000,0.00000,8.68913,,"Cast Iron Mouse, 3 Styles",,,,DE0391A,,,,
2026-07-11 18:07:27,42,Payment,,,,,,,,,,8.69000,Lightspeed Payments,,,,,,,,
2026-07-11 17:55:54,41,Sale,WALKIN,,,2,66.98,5.86,0.00000,0.00000,72.84,,1 X Flameless Rechargeable Candle Lighter - Gold + 1 X California 3-Wick Luxe Candle,Main Register,kyra@therujis.com,CLOSED,,,,closed,
2026-07-11 17:55:54,41,Sale Line,,,,1.00000,16.99000,1.48663,0.00000,0.00000,18.47663,,Flameless Rechargeable Candle Lighter - Gold,,,,10043,,,,
2026-07-11 17:55:54,41,Sale Line,,,,1.00000,49.99000,4.37413,0.00000,0.00000,54.36413,,California 3-Wick Luxe Candle,,,,CA3WCAL,,,,
2026-07-11 17:55:47,41,Payment,,,,,,,,,,72.84000,Lightspeed Payments,,,,,,,,
2026-07-11 17:54:55,40,Sale,WALKIN,,,3,66.97,5.86,0.00000,0.00000,72.83,,1 X Flameless Rechargeable Candle Lighter - Gold + 1 X White Stone Candles + 1 X White Stone Candles,Main Register,kyra@therujis.com,CLOSED,,,,closed,
2026-07-11 17:54:55,40,Sale Line,,,,1.00000,16.99000,1.48663,0.00000,0.00000,18.47663,,Flameless Rechargeable Candle Lighter - Gold,,,,10043,,,,
2026-07-11 17:54:55,40,Sale Line,,,,1.00000,24.99000,2.18663,0.00000,0.00000,27.17663,,White Stone Candles / Grapefruit and Fig,,,,10198,,,,
2026-07-11 17:54:55,40,Sale Line,,,,1.00000,24.99000,2.18663,0.00000,0.00000,27.17663,,White Stone Candles / Oak Moss and Tobacco,,,,10202,,,,
2026-07-11 17:54:49,40,Payment,,,,,,,,,,72.83000,Lightspeed Payments,,,,,,,,
2026-07-11 17:52:39,39,Sale,WALKIN,,,0,17.49,1.53,0.00000,0.00000,19.02,,1 X White Stone Candles + -1 X Discount,Main Register,kyra@therujis.com,CLOSED,,,,closed,
2026-07-11 17:52:39,39,Sale Line,,,,1.00000,24.99000,2.18663,0.00000,0.00000,27.17663,,White Stone Candles / Grapefruit and Fig,,,,10198,,,,
2026-07-11 17:52:39,39,Sale Line,,,,-1.00000,-7.49700,-0.65599,0.00000,0.00000,-8.15299,,Discount,,,,vend-discount,,,,
2026-07-11 17:52:33,39,Payment,,,,,,,,,,19.02000,Lightspeed Payments,,,,,,,,
2026-07-11 17:49:45,38,Sale,WALKIN,,,1,62.99,5.51,0.00000,0.00000,68.5,,1 X Handmade Bread Warmer & Wicker Basket - Flower,Main Register,kyra@therujis.com,CLOSED,,,,closed,
2026-07-11 17:49:45,38,Sale Line,,,,1.00000,62.99000,5.51163,0.00000,0.00000,68.50163,,Handmade Bread Warmer & Wicker Basket - Flower,,,,HBWN02G,,,,
2026-07-11 17:49:39,38,Payment,,,,,,,,,,68.50000,Lightspeed Payments,,,,,,,,
2026-07-11 17:40:25,37,Sale,WALKIN,,,19,111.81,9.78,0.00000,0.00000,121.59,,17 X 1st Edition Notecards + 1 X 150 Love Letters to the World + 1 X California Candle · Amber Jar 8oz,Main Register,kyra@therujis.com,CLOSED,,,,closed,
2026-07-11 17:40:25,37,Sale Line,,,,17.00000,67.83000,5.93521,0.00000,0.00000,73.76521,,1st Edition Notecards,,,,PP482,,,,
2026-07-11 17:40:25,37,Sale Line,,,,1.00000,18.99000,1.66163,0.00000,0.00000,20.65163,,150 Love Letters to the World,,,,PP458,,,,
2026-07-11 17:40:25,37,Sale Line,,,,1.00000,24.99000,2.18663,0.00000,0.00000,27.17663,,California Candle · Amber Jar 8oz,,,,10041,,,,
2026-07-11 17:40:17,37,Payment,,,,,,,,,,121.59000,Lightspeed Payments,,,,,,,,
2026-07-11 17:07:07,36,Sale,WALKIN,,,13,185.87,16.26,0.00000,0.00000,202.13,,"1 X Stripe Oven Mitt + 1 X Stripe Oven Mitt + 1 X Kitchen Whisks with Wooden Handle + 1 X Wood Brush Soft Bristle + 1 X Wood Baking Tools Brush + 1 X Beech Wood Dish Brush with Leather Strap + 1 X Cast Aluminum & Stainless Steel Duck Shaped Bottle Opener + 1 X Hinged Brass Candle Snuffer- Vintage Style | 7"" | Candles + 2 X Cast Iron Mouse, 3 Styles + 1 X Bistro Glass Salt Cellar + 1 X Cast Iron Bee Bottle Opener, Distressed Gold Finish + 1 X Onyx Soap Dish",Main Register,kyra@therujis.com,CLOSED,,,,closed,
2026-07-11 17:07:07,36,Sale Line,,,,1.00000,10.99000,0.96163,0.00000,0.00000,11.95163,,Stripe Oven Mitt / Coffee,,,,OMStrip,,,,
2026-07-11 17:07:07,36,Sale Line,,,,1.00000,10.99000,0.96163,0.00000,0.00000,11.95163,,Stripe Oven Mitt / Coffee,,,,OMStrip,,,,
2026-07-11 17:07:07,36,Sale Line,,,,1.00000,13.99000,1.22413,0.00000,0.00000,15.21413,,Kitchen Whisks with Wooden Handle,,,,KTWD020,,,,
2026-07-11 17:07:07,36,Sale Line,,,,1.00000,13.99000,1.22413,0.00000,0.00000,15.21413,,Wood Brush Soft Bristle / PP,,,,CLWDPP0,,,,
2026-07-11 17:07:07,36,Sale Line,,,,1.00000,8.99000,0.78663,0.00000,0.00000,9.77663,,Wood Baking Tools Brush / Wood,,,,KTWDYW0,,,,
2026-07-11 17:07:07,36,Sale Line,,,,1.00000,13.99000,1.22413,0.00000,0.00000,15.21413,,Beech Wood Dish Brush with Leather Strap,,,,DF3013,,,,
2026-07-11 17:07:07,36,Sale Line,,,,1.00000,13.99000,1.22413,0.00000,0.00000,15.21413,,Cast Aluminum & Stainless Steel Duck Shaped Bottle Opener,,,,DF9999,,,,
2026-07-11 17:07:07,36,Sale Line,,,,1.00000,15.99000,1.39913,0.00000,0.00000,17.38913,,"Hinged Brass Candle Snuffer- Vintage Style | 7"" | Candles",,,,5885,,,,
2026-07-11 17:07:07,36,Sale Line,,,,2.00000,15.98000,1.39826,0.00000,0.00000,17.37826,,"Cast Iron Mouse, 3 Styles",,,,DE0391A,,,,
2026-07-11 17:07:07,36,Sale Line,,,,1.00000,18.99000,1.66163,0.00000,0.00000,20.65163,,Bistro Glass Salt Cellar,,,,GMN710U,,,,
2026-07-11 17:07:07,36,Sale Line,,,,1.00000,7.99000,0.69913,0.00000,0.00000,8.68913,,"Cast Iron Bee Bottle Opener, Distressed Gold Finish",,,,DF9261,,,,
2026-07-11 17:07:07,36,Sale Line,,,,1.00000,39.99000,3.49913,0.00000,0.00000,43.48913,,Onyx Soap Dish,,,,M1039,,,,
2026-07-11 17:06:54,36,Payment,,,,,,,,,,202.13000,Lightspeed Payments,,,,,,,,
2026-07-11 17:00:11,35,Sale,WALKIN,,,12,152.88,13.38,0.00000,0.00000,166.26,,"1 X Bistro Glass Citrus Hand Press Juicer + 1 X Friendship Notecards - Assorted Set of 20 + 1 X Friendship Notecards - Assorted Set of 20 + 1 X Friendship Notecards - Assorted Set of 20 + 1 X Friendship Notecards - Assorted Set of 20 + 1 X Friendship Notecards - Assorted Set of 20 + 1 X Friendship Notecards - Assorted Set of 20 + 1 X Friendship Notecards - Assorted Set of 20 + 1 X Stoneware Bowls with Reactive Glaze, Set of 4 + 1 X California · 2oz Travel Room Spray + 1 X Bookkeepers Clip on Stand, Metal - Lrg - Black + 1 X Stoneware Butter Dish with Scalloped Handle (Each One Will Vary)",Main Register,kyra@therujis.com,CLOSED,,,,closed,
2026-07-11 17:00:11,35,Sale Line,,,,1.00000,24.99000,2.18663,0.00000,0.00000,27.17663,,Bistro Glass Citrus Hand Press Juicer,,,,GMN101,,,,
2026-07-11 17:00:11,35,Sale Line,,,,1.00000,3.99000,0.34913,0.00000,0.00000,4.33913,,Friendship Notecards - Assorted Set of 20,,,,PP423,,,,
2026-07-11 17:00:11,35,Sale Line,,,,1.00000,3.99000,0.34913,0.00000,0.00000,4.33913,,Friendship Notecards - Assorted Set of 20,,,,PP423,,,,
2026-07-11 17:00:11,35,Sale Line,,,,1.00000,3.99000,0.34913,0.00000,0.00000,4.33913,,Friendship Notecards - Assorted Set of 20,,,,PP423,,,,
2026-07-11 17:00:11,35,Sale Line,,,,1.00000,3.99000,0.34913,0.00000,0.00000,4.33913,,Friendship Notecards - Assorted Set of 20,,,,PP423,,,,
2026-07-11 17:00:11,35,Sale Line,,,,1.00000,3.99000,0.34913,0.00000,0.00000,4.33913,,Friendship Notecards - Assorted Set of 20,,,,PP423,,,,
2026-07-11 17:00:11,35,Sale Line,,,,1.00000,3.99000,0.34913,0.00000,0.00000,4.33913,,Friendship Notecards - Assorted Set of 20,,,,PP423,,,,
2026-07-11 17:00:11,35,Sale Line,,,,1.00000,3.99000,0.34913,0.00000,0.00000,4.33913,,Friendship Notecards - Assorted Set of 20,,,,PP423,,,,
2026-07-11 17:00:11,35,Sale Line,,,,1.00000,22.99000,2.01163,0.00000,0.00000,25.00163,,"Stoneware Bowls with Reactive Glaze, Set of 4",,,,DF4964,,,,
2026-07-11 17:00:11,35,Sale Line,,,,1.00000,12.99000,1.13663,0.00000,0.00000,14.12663,,California · 2oz Travel Room Spray,,,,10045,,,,
2026-07-11 17:00:11,35,Sale Line,,,,1.00000,26.99000,2.36163,0.00000,0.00000,29.35163,,"Bookkeepers Clip on Stand, Metal - Lrg - Black",,,,5191-2,,,,
2026-07-11 17:00:11,35,Sale Line,,,,1.00000,36.99000,3.23663,0.00000,0.00000,40.22663,,Stoneware Butter Dish with Scalloped Handle (Each One Will Vary),,,,AH3706,,,,
2026-07-11 17:00:04,35,Payment,,,,,,,,,,166.26000,Lightspeed Payments,,,,,,,,
2026-07-11 16:58:04,34,Sale,WALKIN,,,2,104.98,9.19,0.00000,0.00000,114.17,,"1 X Moonlight · Sea Salt & Fig Coastal Candle · Amber Jar 8oz + 1 X Hand-Woven Rattan Footed Basket w/ Handles, Natural",Main Register,kyra@therujis.com,CLOSED,,,,closed,
2026-07-11 16:58:04,34,Sale Line,,,,1.00000,24.99000,2.18663,0.00000,0.00000,27.17663,,Moonlight · Sea Salt & Fig Coastal Candle · Amber Jar 8oz,,,,SCS15AJ,,,,
2026-07-11 16:58:04,34,Sale Line,,,,1.00000,79.99000,6.99913,0.00000,0.00000,86.98913,,"Hand-Woven Rattan Footed Basket w/ Handles, Natural",,,,DF7046,,,,
2026-07-11 16:57:58,34,Payment,,,,,,,,,,114.17000,Lightspeed Payments,,,,,,,,
2026-07-11 16:41:34,33,Sale,WALKIN,,,4,90.96,7.96,0.00000,0.00000,98.92,,1 X Natural Wood Reamer + 1 X Cornflower Ring Dish- Chocolate + 1 X Bistro Glass Salt Cellar + 1 X Stoneware Butter Dish with Scalloped Handle (Each One Will Vary),Main Register,kyra@therujis.com,CLOSED,,,,closed,
2026-07-11 16:41:34,33,Sale Line,,,,1.00000,7.99000,0.69913,0.00000,0.00000,8.68913,,Natural Wood Reamer,,,,KTWD054,,,,
2026-07-11 16:41:34,33,Sale Line,,,,1.00000,26.99000,2.36163,0.00000,0.00000,29.35163,,Cornflower Ring Dish- Chocolate,,,,10023,,,,
2026-07-11 16:41:34,33,Sale Line,,,,1.00000,18.99000,1.66163,0.00000,0.00000,20.65163,,Bistro Glass Salt Cellar,,,,GMN710U,,,,
2026-07-11 16:41:34,33,Sale Line,,,,1.00000,36.99000,3.23663,0.00000,0.00000,40.22663,,Stoneware Butter Dish with Scalloped Handle (Each One Will Vary),,,,AH3706,,,,
2026-07-11 16:40:07,33,Payment,,,,,,,,,,98.92000,Lightspeed Payments,,,,,,,,
2026-07-11 16:37:08,32,Sale,WALKIN,,,2,118.98,10.41,0.00000,0.00000,129.39,,1 X Big Sur · 2oz Travel Room Spray + 1 X Blue Sardine Stamped Ceramic Platter,Main Register,kyra@therujis.com,CLOSED,,,,closed,
2026-07-11 16:37:08,32,Sale Line,,,,1.00000,12.99000,1.13663,0.00000,0.00000,14.12663,,Big Sur · 2oz Travel Room Spray,,,,10046,,,,
2026-07-11 16:37:08,32,Sale Line,,,,1.00000,105.99000,9.27413,0.00000,0.00000,115.26413,,Blue Sardine Stamped Ceramic Platter,,,,10013,,,,
2026-07-11 16:37:03,32,Payment,,,,,,,,,,129.39000,Lightspeed Payments,,,,,,,,
2026-07-11 16:34:45,30,Sale,WALKIN,,Barbra,14,515.86,45.14,0.00000,0.00000,561,,"1 X Brenna Napkins + 1 X Riviera Striped Cotton Hand Towel | Handwoven in Ethiopia + 1 X Aden Cotton Hand Towel | Handwoven in Ethiopia + 1 X Stainless Steel Blade & Faux Leather Tie, Natural + 1 X Stainless Steel Blade & Faux Leather Tie, Natural + 1 X Handmade Bread Warmer & Wicker Basket - Flower + 1 X Handmade Bread Warmer & Wicker Basket - Flower + 1 X White Stone Candles + 1 X Glass Candle Cloche with Marble Base + 1 X Vintage Wooden Dishwashing Brush + 1 X all natural dish soap-rosemary mint + 1 X 150 Love Letters to the World + 1 X Brenna Napkins + 1 X Handmade Terracotta Beeswax Tea Light Candles - Box of 10",Main Register,kyra@therujis.com,CLOSED,,,,closed,
2026-07-11 16:34:45,30,Sale Line,,,,1.00000,49.99000,4.37413,0.00000,0.00000,54.36413,,Brenna Napkins,,,,N4TT07,,,,
2026-07-11 16:34:45,30,Sale Line,,,,1.00000,37.99000,3.32413,0.00000,0.00000,41.31413,,Riviera Striped Cotton Hand Towel | Handwoven in Ethiopia / Natural with Navy,,,,SBHTRNV,,,,
2026-07-11 16:34:45,30,Sale Line,,,,1.00000,37.99000,3.32413,0.00000,0.00000,41.31413,,Aden Cotton Hand Towel | Handwoven in Ethiopia / Natural with Navy,,,,SBHTSNV,,,,
2026-07-11 16:34:45,30,Sale Line,,,,1.00000,21.99000,1.92413,0.00000,0.00000,23.91413,,"Stainless Steel Blade & Faux Leather Tie, Natural",,,,DG1219,,,,
2026-07-11 16:34:45,30,Sale Line,,,,1.00000,21.99000,1.92413,0.00000,0.00000,23.91413,,"Stainless Steel Blade & Faux Leather Tie, Natural",,,,DG1219,,,,
2026-07-11 16:34:45,30,Sale Line,,,,1.00000,62.99000,5.51163,0.00000,0.00000,68.50163,,Handmade Bread Warmer & Wicker Basket - Flower,,,,HBWN02G,,,,
2026-07-11 16:34:45,30,Sale Line,,,,1.00000,62.99000,5.51163,0.00000,0.00000,68.50163,,Handmade Bread Warmer & Wicker Basket - Flower,,,,HBWN02G,,,,
2026-07-11 16:34:45,30,Sale Line,,,,1.00000,24.99000,2.18663,0.00000,0.00000,27.17663,,White Stone Candles / Lost Woods,,,,10201,,,,
2026-07-11 16:34:45,30,Sale Line,,,,1.00000,59.99000,5.24913,0.00000,0.00000,65.23913,,Glass Candle Cloche with Marble Base,,,,OBRD04,,,,
2026-07-11 16:34:45,30,Sale Line,,,,1.00000,12.99000,1.13663,0.00000,0.00000,14.12663,,Vintage Wooden Dishwashing Brush / Sisal,,,,CLBRWDS,,,,
2026-07-11 16:34:45,30,Sale Line,,,,1.00000,19.99000,1.74913,0.00000,0.00000,21.73913,,all natural dish soap-rosemary mint,,,,10184,,,,
2026-07-11 16:34:45,30,Sale Line,,,,1.00000,18.99000,1.66163,0.00000,0.00000,20.65163,,150 Love Letters to the World,,,,PP458,,,,
2026-07-11 16:34:45,30,Sale Line,,,,1.00000,49.99000,4.37413,0.00000,0.00000,54.36413,,Brenna Napkins,,,,N4TT07,,,,
2026-07-11 16:34:45,30,Sale Line,,,,1.00000,32.99000,2.88663,0.00000,0.00000,35.87663,,Handmade Terracotta Beeswax Tea Light Candles - Box of 10 / Citronella,,,,DGC482,,,,
2026-07-11 16:34:34,30,Payment,,,,,,,,,,561.00000,Lightspeed Payments,,,,,,,,
2026-07-11 16:31:16,31,Sale,WALKIN,,,5,68.95,6.03,0.00000,0.00000,74.98,,1 X Big Sur · 2oz Travel Room Spray + 1 X Wood and Stainless Steel Cheese Grater + 1 X 1st Edition Notecards + 1 X 1st Edition Notecards + 1 X 150 Love Letters to the World,Main Register,kyra@therujis.com,CLOSED,,,,closed,
2026-07-11 16:31:16,31,Sale Line,,,,1.00000,12.99000,1.13663,0.00000,0.00000,14.12663,,Big Sur · 2oz Travel Room Spray,,,,10046,,,,
2026-07-11 16:31:16,31,Sale Line,,,,1.00000,28.99000,2.53663,0.00000,0.00000,31.52663,,Wood and Stainless Steel Cheese Grater,,,,AH0504,,,,
2026-07-11 16:31:16,31,Sale Line,,,,1.00000,3.99000,0.34913,0.00000,0.00000,4.33913,,1st Edition Notecards,,,,PP482,,,,
2026-07-11 16:31:16,31,Sale Line,,,,1.00000,3.99000,0.34913,0.00000,0.00000,4.33913,,1st Edition Notecards,,,,PP482,,,,
2026-07-11 16:31:16,31,Sale Line,,,,1.00000,18.99000,1.66163,0.00000,0.00000,20.65163,,150 Love Letters to the World,,,,PP458,,,,
2026-07-11 16:31:09,31,Payment,,,,,,,,,,74.98000,Lightspeed Payments,,,,,,,,
2026-07-11 16:18:15,29,Sale,WALKIN,,,1,32.38,2.83,0.00000,0.00000,35.21,,"1 X California · 2oz Travel Room Spray + 1 X Stoneware Bowls with Reactive Glaze, Set of 4 + -1 X Discount",Main Register,kyra@therujis.com,CLOSED,,,,closed,
2026-07-11 16:18:15,29,Sale Line,,,,1.00000,12.99000,1.13663,0.00000,0.00000,14.12663,,California · 2oz Travel Room Spray,,,,10045,,,,
2026-07-11 16:18:15,29,Sale Line,,,,1.00000,22.99000,2.01163,0.00000,0.00000,25.00163,,"Stoneware Bowls with Reactive Glaze, Set of 4",,,,DF4964,,,,
2026-07-11 16:18:15,29,Sale Line,,,,-1.00000,-3.59800,-0.31483,0.00000,0.00000,-3.91283,,Discount,,,,vend-discount,,,,
2026-07-11 16:18:08,29,Payment,,,,,,,,,,35.22000,Lightspeed Payments,,,,,,,,
2026-07-11 15:46:55,28,Sale,WALKIN,,,3,43.57,3.81,0.00000,0.00000,47.38,,1 X Cast Aluminum & Stainless Steel Duck Shaped Bottle Opener + 1 X Match - Rare Snakes + 1 X California Candle · Amber Jar 8oz,Main Register,kyra@therujis.com,CLOSED,,,,closed,
2026-07-11 15:46:55,28,Sale Line,,,,1.00000,13.99000,1.22413,0.00000,0.00000,15.21413,,Cast Aluminum & Stainless Steel Duck Shaped Bottle Opener,,,,DF9999,,,,
2026-07-11 15:46:55,28,Sale Line,,,,1.00000,4.59000,0.40163,0.00000,0.00000,4.99163,,Match - Rare Snakes,,,,0901562,,,,
2026-07-11 15:46:55,28,Sale Line,,,,1.00000,24.99000,2.18663,0.00000,0.00000,27.17663,,California Candle · Amber Jar 8oz,,,,10041,,,,
2026-07-11 15:46:47,28,Payment,,,,,,,,,,47.38000,Lightspeed Payments,,,,,,,,
2026-07-11 15:45:35,27,Sale,WALKIN,,,1,17.49,1.53,7.49700,0.00000,19.02,,1 X Moonlight · Sea Salt & Fig Coastal Candle · Amber Jar 8oz,Main Register,kyra@therujis.com,CLOSED,,,,closed,
2026-07-11 15:45:35,27,Sale Line,,,,1.00000,17.49300,1.53064,7.49700,0.00000,19.02364,,Moonlight · Sea Salt & Fig Coastal Candle · Amber Jar 8oz,,,,SCS15AJ,,,,
2026-07-11 15:45:26,27,Payment,,,,,,,,,,19.02000,Lightspeed Payments,,,,,,,,
2026-07-11 14:47:15,26,Sale,Eric-MHPT,Eric Rujiraviriyapinyo,,1,24.99,2.19,0.00000,0.00000,27.18,,1 X White Stone Candles,Main Register,eric@pepperandolive.com,VOIDED,,,,voided,
2026-07-11 14:47:15,26,Sale Line,,,,1.00000,24.99000,2.18663,0.00000,0.00000,27.17663,,White Stone Candles / Farmers Market,,,,10200,,,,
2026-07-11 14:47:15,26,Payment,,,,,,,,,,27.18000,Store Credit,,,,,,,,
2026-07-11 14:45:17,25,Sale,Eric-MHPT,Eric Rujiraviriyapinyo,,-1,-24.99,-2.19,0.00000,0.00000,-27.18,,-1 X White Stone Candles,Main Register,eric@pepperandolive.com,VOIDED,,,,voided,
2026-07-11 14:45:17,25,Sale Line,,,,-1.00000,-24.99000,-2.18663,0.00000,0.00000,-27.17663,,White Stone Candles / Lost Woods,,,,10201,,,,
2026-07-11 14:45:17,25,Payment,,,,,,,,,,-27.18000,Store Credit,,,,,,,,
2026-07-11 14:39:15,24,Sale,Anonymous Customer,,,-1,-24.99,-2.19,0.00000,0.00000,-27.18,,-1 X White Stone Candles,Main Register,eric@pepperandolive.com,VOIDED,,,,voided,
2026-07-11 14:39:15,24,Sale Line,,,,-1.00000,-24.99000,-2.18663,0.00000,0.00000,-27.17663,,White Stone Candles / Lost Woods,,,,10201,,,,
2026-07-11 14:39:15,24,Payment,,,,,,,,,,-27.18000,Store Credit,,,,,,,,
2026-07-11 14:25:46,23,Sale,WALKIN,,,-1,-24.99,-2.19,0.00000,0.00000,-27.18,,-1 X White Stone Candles,Main Register,eric@pepperandolive.com,VOIDED,,,,voided,
2026-07-11 14:25:46,23,Sale Line,,,,-1.00000,-24.99000,-2.18663,0.00000,0.00000,-27.17663,,White Stone Candles / Lost Woods,,,,10201,,,,
2026-07-11 14:23:08,22,Sale,WALKIN,,,-1,-24.99,-2.19,0.00000,0.00000,-27.18,,-1 X White Stone Candles,Main Register,eric@pepperandolive.com,VOIDED,,,,voided,
2026-07-11 14:23:08,22,Sale Line,,,,-1.00000,-24.99000,-2.18663,0.00000,0.00000,-27.17663,,White Stone Candles / Lost Woods,,,,10201,,,,
2026-07-11 14:22:00,21,Sale,WALKIN,,,1,24.99,2.19,0.00000,0.00000,27.18,,1 X White Stone Candles,Main Register,eric@pepperandolive.com,CLOSED,,,,closed,
2026-07-11 14:22:00,21,Sale Line,,,,1.00000,24.99000,2.18663,0.00000,0.00000,27.17663,,White Stone Candles / Lost Woods,,,,10201,,,,
2026-07-11 14:21:58,21,Payment,,,,,,,,,,30.00000,Cash,,,,,,,,
2026-07-11 14:22:00,21,Payment,,,,,,,,,,-2.82000,Cash,,,,,,,,
2026-07-11 14:21:05,20,Sale,WALKIN,,,1,24.99,2.19,0.00000,0.00000,27.18,,1 X White Stone Candles,Main Register,eric@pepperandolive.com,CLOSED,,,,closed,
2026-07-11 14:21:05,20,Sale Line,,,,1.00000,24.99000,2.18663,0.00000,0.00000,27.17663,,White Stone Candles / Lost Woods,,,,10201,,,,
2026-07-11 14:21:03,20,Payment,,,,,,,,,,30.00000,Cash,,,,,,,,
2026-07-11 14:21:05,20,Payment,,,,,,,,,,-2.82000,Cash,,,,,,,,
2026-07-11 14:19:56,19,Sale,WALKIN,,,1,0.50,0.04,-0.50000,0.00000,0.54,,1 X FOUND,Main Register,eric@pepperandolive.com,CLOSED,,,,closed,
2026-07-11 14:19:56,19,Sale Line,,,,1.00000,0.50000,0.04375,-0.50000,0.00000,0.54375,,FOUND,,,,10051,,,,
2026-07-11 14:19:42,19,Payment,,,,,,,,,,0.54000,Lightspeed Payments,,,,,,,,
2026-07-11 14:19:08,18,Sale,WALKIN,,,1,0.50,0.04,-0.50000,0.00000,0.54,,1 X FOUND,Main Register,eric@pepperandolive.com,CLOSED,,,,closed,
2026-07-11 14:19:08,18,Sale Line,,,,1.00000,0.50000,0.04375,-0.50000,0.00000,0.54375,,FOUND,,,,10051,,,,
2026-07-11 14:18:43,18,Payment,,,,,,,,,,0.54000,Lightspeed Payments,,,,,,,,
2026-07-11 14:13:38,17,Sale,WALKIN,,,1,0.50,0.04,-0.50000,0.00000,0.54,,1 X FOUND,Main Register,eric@pepperandolive.com,VOIDED,,,,voided,
2026-07-11 14:13:38,17,Sale Line,,,,1.00000,0.50000,0.04375,-0.50000,0.00000,0.54375,,FOUND,,,,10051,,,,
2026-07-11 14:13:36,17,Payment,,,,,,,,,,0.54000,Cash,,,,,,,,
2026-07-11 14:12:10,16,Sale,WALKIN,,,1,0.50,0.04,0.00000,0.00000,0.54,,1 X Test,Main Register,eric@pepperandolive.com,CLOSED,,,,closed,
2026-07-11 14:12:10,16,Sale Line,,,,1.00000,0.50000,0.04375,0.00000,0.00000,0.54375,,Test,,,,10214,,,,
2026-07-11 14:11:44,16,Payment,,,,,,,,,,0.54000,Lightspeed Payments,,,,,,,,
2026-07-11 14:05:03,15,Sale,WALKIN,,,1,24.99,2.19,0.00000,0.00000,27.18,,1 X White Stone Candles,Main Register,kyra@therujis.com,VOIDED,,,,voided,
2026-07-11 14:05:03,15,Sale Line,,,,1.00000,24.99000,2.18663,0.00000,0.00000,27.17663,,White Stone Candles / Lost Woods,,,,10201,,,,
2026-07-11 14:04:46,15,Payment,,,,,,,,,,30.00000,Cash,,,,,,,,
2026-07-11 14:05:03,15,Payment,,,,,,,,,,-2.82000,Cash,,,,,,,,
2026-07-09 09:05:54,14,Sale,WALKIN,,,1,0.46,0.04,-0.46000,0.00000,0.5,,1 X FOUND,Main Register,eric@pepperandolive.com,VOIDED,,,,voided,
2026-07-09 09:05:54,14,Sale Line,,,,1.00000,0.46000,0.04025,-0.46000,0.00000,0.50025,,FOUND,,,,10051,,,,
2026-06-12 13:27:46,14,Payment,,,,,,,,,,0.50000,Lightspeed Payments,,,,,,,,
